{"count":{"Asus":59,"Samsung":8,"Google":4,"Moto":3,"OnePlus":3,"Sony":3,"LG":2,"ZTE":1,"Huawei":1,"Xiaomi":1,"Nextbit":1},"percent":{"Asus":49.1666666667,"Samsung":6.6666666667,"Google":3.3333333333,"Moto":2.5,"OnePlus":2.5,"Sony":2.5,"LG":1.6666666667,"ZTE":0.8333333333,"Huawei":0.8333333333,"Xiaomi":0.8333333333,"Nextbit":0.8333333333}}