{"count":{"Asus Zenfone 5Z":94,"Samsung Galaxy S7 Edge":2,"Moto G":1,"Moto G 2015":1,"Moto X":1},"percent":{"Asus Zenfone 5Z":31.9727891156,"Samsung Galaxy S7 Edge":0.6802721088,"Moto G":0.3401360544,"Moto G 2015":0.3401360544,"Moto X":0.3401360544}}