{"count":{"Asus":1101,"Google":216,"Samsung":151,"Nexus":99,"Moto":69,"LG":59,"HTC":39,"Sony":34,"BLU":12,"OnePlus":12,"Huawei":5,"Nokia":4,"BlackBerry":4,"Xiaomi":3,"ZTE":2,"Nextbit":1},"percent":{"Asus":29.8454865817,"Google":5.8552453239,"Samsung":4.0932502033,"Nexus":2.6836541068,"Moto":1.8704255896,"LG":1.5993494172,"HTC":1.0571970724,"Sony":0.9216589862,"BLU":0.3252914069,"OnePlus":0.3252914069,"Huawei":0.1355380862,"Nokia":0.108430469,"BlackBerry":0.108430469,"Xiaomi":0.0813228517,"ZTE":0.0542152345,"Nextbit":0.0271076172}}