{"count":{"Asus Zenfone 5Z":49,"OnePlus 3":2,"Samsung Galaxy S7 Edge":2,"Moto G4 Plus":1,"ZTE Axon 7":1,"Sony Xperia Z3 Compact":1,"LG G5":1,"Moto X":1,"OnePlus 5":1,"Samsung Galaxy Note 4":1,"Google Pixel":1,"Nextbit Robin":1},"percent":{"Asus Zenfone 5Z":40.8333333333,"OnePlus 3":1.6666666667,"Samsung Galaxy S7 Edge":1.6666666667,"Moto G4 Plus":0.8333333333,"ZTE Axon 7":0.8333333333,"Sony Xperia Z3 Compact":0.8333333333,"LG G5":0.8333333333,"Moto X":0.8333333333,"OnePlus 5":0.8333333333,"Samsung Galaxy Note 4":0.8333333333,"Google Pixel":0.8333333333,"Nextbit Robin":0.8333333333}}