{"count":{"Asus Zenfone 5Z":10,"OnePlus X":1,"ZTE Axon 7":1,"LG G5":1,"Honor 7X":1,"Huawei Mate 8":1,"HTC One":1,"Huawei Nexus 6P":1},"percent":{"Asus Zenfone 5Z":25.641025641,"OnePlus X":2.5641025641,"ZTE Axon 7":2.5641025641,"LG G5":2.5641025641,"Honor 7X":2.5641025641,"Huawei Mate 8":2.5641025641,"HTC One":2.5641025641,"Huawei Nexus 6P":2.5641025641}}