{"count":{"Asus":124,"Google":15,"Samsung":3,"Moto":2,"HTC":1,"BLU":1},"percent":{"Asus":42.1768707483,"Google":5.1020408163,"Samsung":1.0204081633,"Moto":0.6802721088,"HTC":0.3401360544,"BLU":0.3401360544}}