{"count":{"ZTE Axon 7":523,"Samsung Galaxy S7 Edge":135,"Google Pixel":66,"Huawei Nexus 6P":61,"Samsung Galaxy S7":55,"HTC 10":38,"Moto X":33,"Samsung Galaxy S6":22,"OnePlus 3":18,"LG V10":17,"Samsung Galaxy Note 4":15,"LG G4":15,"HTC One":14,"Asus Zenfone 5Z":11,"Moto G4 Plus":7,"Moto Z":7,"Google Pixel 2 XL":6,"LG G5":5,"OnePlus 3T":5,"Moto G":4,"LG V20":4,"LG G6":4,"Google Nexus 5":3,"Nokia 7 Plus":3,"Samsung Galaxy S8+":2,"Sony Xperia Z3 Compact":2,"Nextbit Robin":1,"OnePlus 2":1,"Samsung Galaxy S8":1,"Sony Xperia XA":1,"OnePlus 5":1,"LG X screen":1},"percent":{"ZTE Axon 7":17.9170948955,"Samsung Galaxy S7 Edge":4.6248715313,"Google Pixel":2.2610483042,"Huawei Nexus 6P":2.089756766,"Samsung Galaxy S7":1.8842069202,"HTC 10":1.3018156903,"Moto X":1.1305241521,"Samsung Galaxy S6":0.7536827681,"OnePlus 3":0.6166495375,"LG V10":0.5823912299,"Samsung Galaxy Note 4":0.5138746146,"LG G4":0.5138746146,"HTC One":0.479616307,"Asus Zenfone 5Z":0.376841384,"Moto G4 Plus":0.2398081535,"Moto Z":0.2398081535,"Google Pixel 2 XL":0.2055498458,"LG G5":0.1712915382,"OnePlus 3T":0.1712915382,"Moto G":0.1370332306,"LG V20":0.1370332306,"LG G6":0.1370332306,"Google Nexus 5":0.1027749229,"Nokia 7 Plus":0.1027749229,"Samsung Galaxy S8+":0.0685166153,"Sony Xperia Z3 Compact":0.0685166153,"Nextbit Robin":0.0342583076,"OnePlus 2":0.0342583076,"Samsung Galaxy S8":0.0342583076,"Sony Xperia XA":0.0342583076,"OnePlus 5":0.0342583076,"LG X screen":0.0342583076}}