{"count":{"ZTE":731,"Samsung":246,"Google":186,"HTC":87,"Nexus":81,"Huawei":68,"LG":60,"Moto":58,"OnePlus":32,"Honor":26,"Asus":14,"BlackBerry":11,"Sony":9,"Nokia":8,"Nextbit":1,"Xiaomi":1},"percent":{"ZTE":25.0428228845,"Samsung":8.4275436793,"Google":6.372045221,"HTC":2.9804727646,"Nexus":2.7749229188,"Huawei":2.3295649195,"LG":2.0554984584,"Moto":1.9869818431,"OnePlus":1.0962658445,"Honor":0.8907159986,"Asus":0.479616307,"BlackBerry":0.376841384,"Sony":0.3083247688,"Nokia":0.2740664611,"Nextbit":0.0342583076,"Xiaomi":0.0342583076}}