{"count":{"Google":8,"Samsung":5,"Moto":3,"Nexus":2,"Huawei":2,"LG":1,"Sony":1,"HTC":1},"percent":{"Google":7.619047619,"Samsung":4.7619047619,"Moto":2.8571428571,"Nexus":1.9047619048,"Huawei":1.9047619048,"LG":0.9523809524,"Sony":0.9523809524,"HTC":0.9523809524}}