{"count":{"Samsung Galaxy S7":2,"BlackBerry Motion":1,"Google Pixel":1,"Moto Z":1,"HTC 10":1,"Huawei Nexus 6P":1},"percent":{"Samsung Galaxy S7":1.9047619048,"BlackBerry Motion":0.9523809524,"Google Pixel":0.9523809524,"Moto Z":0.9523809524,"HTC 10":0.9523809524,"Huawei Nexus 6P":0.9523809524}}