{"count":{"Google Pixel":20,"Moto Z":9,"Samsung Galaxy S8+":5,"LG V20":5,"Huawei Nexus 6P":4,"Samsung Galaxy S8":3,"OnePlus 3T":3,"LG G6":3,"Samsung Galaxy S7 Edge":3,"Samsung Galaxy S7":3,"Sony Xperia Z3 Compact":2,"Google Pixel 2 XL":2,"Nokia 7 Plus":2,"HTC 10":2,"Google Pixel C":2,"LG G5":1,"Nexus 9":1,"Samsung Galaxy Note 4":1,"OnePlus 5":1,"BLU VIVO 8L":1,"Asus Zenfone 5Z":1},"percent":{"Google Pixel":1.7497812773,"Moto Z":0.7874015748,"Samsung Galaxy S8+":0.4374453193,"LG V20":0.4374453193,"Huawei Nexus 6P":0.3499562555,"Samsung Galaxy S8":0.2624671916,"OnePlus 3T":0.2624671916,"LG G6":0.2624671916,"Samsung Galaxy S7 Edge":0.2624671916,"Samsung Galaxy S7":0.2624671916,"Sony Xperia Z3 Compact":0.1749781277,"Google Pixel 2 XL":0.1749781277,"Nokia 7 Plus":0.1749781277,"HTC 10":0.1749781277,"Google Pixel C":0.1749781277,"LG G5":0.0874890639,"Nexus 9":0.0874890639,"Samsung Galaxy Note 4":0.0874890639,"OnePlus 5":0.0874890639,"BLU VIVO 8L":0.0874890639,"Asus Zenfone 5Z":0.0874890639}}