{"count":{"BLU VIVO 8L":92,"Google Pixel 2 XL":79,"Samsung Galaxy S7 Edge":8,"Huawei Nexus 6P":6,"Samsung Galaxy S6":5,"Moto E 2015":5,"LG G5":4,"Samsung Galaxy Note 4":3,"Moto G4 Plus":2,"Google Pixel 2":2,"Moto G":2,"LG G6":2,"HTC One":2,"Google Nexus 5":2,"Moto G 2015":1,"ZTE Blade V9":1,"Asus Zenfone 5Z":1,"OnePlus 2":1,"LG V20":1,"LG V10":1,"Samsung Galaxy S8+":1,"Moto Z":1,"Huawei P10":1,"Honor 7X":1,"Moto X":1},"percent":{"BLU VIVO 8L":7.6411960133,"Google Pixel 2 XL":6.561461794,"Samsung Galaxy S7 Edge":0.6644518272,"Huawei Nexus 6P":0.4983388704,"Samsung Galaxy S6":0.415282392,"Moto E 2015":0.415282392,"LG G5":0.3322259136,"Samsung Galaxy Note 4":0.2491694352,"Moto G4 Plus":0.1661129568,"Google Pixel 2":0.1661129568,"Moto G":0.1661129568,"LG G6":0.1661129568,"HTC One":0.1661129568,"Google Nexus 5":0.1661129568,"Moto G 2015":0.0830564784,"ZTE Blade V9":0.0830564784,"Asus Zenfone 5Z":0.0830564784,"OnePlus 2":0.0830564784,"LG V20":0.0830564784,"LG V10":0.0830564784,"Samsung Galaxy S8+":0.0830564784,"Moto Z":0.0830564784,"Huawei P10":0.0830564784,"Honor 7X":0.0830564784,"Moto X":0.0830564784}}