{"count":{"BLU":447,"Google":160,"Samsung":37,"Moto":16,"LG":16,"Nexus":13,"Huawei":9,"Honor":7,"Sony":5,"HTC":5,"ZTE":5,"BlackBerry":4,"Nokia":4,"Asus":3,"Xiaomi":1,"OnePlus":1},"percent":{"BLU":37.1262458472,"Google":13.2890365449,"Samsung":3.073089701,"Moto":1.3289036545,"LG":1.3289036545,"Nexus":1.0797342193,"Huawei":0.7475083056,"Honor":0.5813953488,"Sony":0.415282392,"HTC":0.415282392,"ZTE":0.415282392,"BlackBerry":0.3322259136,"Nokia":0.3322259136,"Asus":0.2491694352,"Xiaomi":0.0830564784,"OnePlus":0.0830564784}}