{"count":{"Google":614,"Samsung":230,"LG":104,"Nexus":86,"Huawei":67,"OnePlus":56,"BlackBerry":50,"HTC":44,"Moto":37,"Sony":32,"Xiaomi":11,"Nokia":10,"Razer":9,"Asus":5,"Honor":5,"ZTE":5,"BLU":4,"Nextbit":3,"Elephone":1},"percent":{"Google":10.3419235304,"Samsung":3.874010443,"LG":1.7517264612,"Nexus":1.4485430352,"Huawei":1.1285160856,"OnePlus":0.9432373252,"BlackBerry":0.8421761833,"HTC":0.7411150413,"Moto":0.6232103756,"Sony":0.5389927573,"Xiaomi":0.1852787603,"Nokia":0.1684352367,"Razer":0.151591713,"Asus":0.0842176183,"Honor":0.0842176183,"ZTE":0.0842176183,"BLU":0.0673740947,"Nextbit":0.050530571,"Elephone":0.0168435237}}