{"count":{"Samsung":719,"LG":329,"Nexus":237,"Huawei":208,"HTC":133,"Moto":115,"OnePlus":58,"Nokia":50,"Sony":44,"BlackBerry":37,"Razer":29,"Honor":18,"Xiaomi":4,"ZTE":3,"Asus":2},"percent":{"Samsung":5.2048646301,"LG":2.3816418127,"Nexus":1.7156507891,"Huawei":1.505718836,"HTC":0.9627913711,"Moto":0.8324887795,"OnePlus":0.4198639062,"Nokia":0.3619516433,"Sony":0.3185174461,"BlackBerry":0.267844216,"Razer":0.2099319531,"Honor":0.1303025916,"Xiaomi":0.0289561315,"ZTE":0.0217170986,"Asus":0.0144780657}}