{"count":{"Google Pixel":10,"Google Pixel 2 XL":2,"Google Pixel 2":2,"Samsung Galaxy S7 Edge":1,"Moto X":1},"percent":{"Google Pixel":6.5789473684,"Google Pixel 2 XL":1.3157894737,"Google Pixel 2":1.3157894737,"Samsung Galaxy S7 Edge":0.6578947368,"Moto X":0.6578947368}}