{"count":{"Huawei":7,"Moto":2,"Google":1,"OnePlus":1,"Samsung":1},"percent":{"Huawei":19.4444444444,"Moto":5.5555555556,"Google":2.7777777778,"OnePlus":2.7777777778,"Samsung":2.7777777778}}