{"count":{"LG":11,"Samsung":10,"Huawei":9,"ZTE":7,"Google":7,"OnePlus":5,"Nexus":3,"HTC":2,"Nokia":2,"Moto":1},"percent":{"LG":5.9782608696,"Samsung":5.4347826087,"Huawei":4.8913043478,"ZTE":3.8043478261,"Google":3.8043478261,"OnePlus":2.7173913043,"Nexus":1.6304347826,"HTC":1.0869565217,"Nokia":1.0869565217,"Moto":0.5434782609}}