{"count":{"Huawei":37,"Google":15,"HTC":2,"Samsung":2,"Moto":2,"OnePlus":2,"Nexus":1},"percent":{"Huawei":24.3421052632,"Google":9.8684210526,"HTC":1.3157894737,"Samsung":1.3157894737,"Moto":1.3157894737,"OnePlus":1.3157894737,"Nexus":0.6578947368}}