{"count":{"Huawei Nexus 6P":181,"ZTE Axon 7":136,"Google Pixel":120,"Moto Z":102,"Samsung Galaxy S7 Edge":95,"Samsung Galaxy S7":75,"Nokia 7 Plus":51,"Huawei Mate 10":43,"Samsung Galaxy S6":43,"OnePlus 3":40,"Google Pixel 2 XL":39,"Moto X":36,"Huawei P10":35,"LG G6":33,"Honor 7X":32,"LG G5":27,"Moto G4 Plus":26,"HTC 10":23,"LG V10":21,"Samsung Galaxy S8+":20,"Google Pixel 2":17,"LG G4":17,"Nextbit Robin":17,"Google Nexus 5":15,"LG V20":14,"Asus Zenfone 5Z":12,"OnePlus 3T":11,"Sony Xperia Z3 Compact":11,"ZTE Blade V9":10,"Sony Xperia X Performance":9,"Samsung Galaxy Note 4":9,"HTC One":7,"Sony Xperia XA":6,"Moto G":6,"BLU VIVO 8L":6,"Samsung Galaxy S8":5,"Sony Xperia Z5":3,"Honor View 10":3,"Google Pixel C":3,"OnePlus 5T":3,"Honor 9 Lite":2,"Moto E 2015":2,"OnePlus X":1,"HTC U11+":1,"Huawei MediaPad M5":1,"Moto X Style":1,"OnePlus 2":1,"Huawei Mate 8":1,"OnePlus One":1},"percent":{"Huawei Nexus 6P":1.4904479578,"ZTE Axon 7":1.1198945982,"Google Pixel":0.9881422925,"Moto Z":0.8399209486,"Samsung Galaxy S7 Edge":0.7822793149,"Samsung Galaxy S7":0.6175889328,"Nokia 7 Plus":0.4199604743,"Huawei Mate 10":0.3540843215,"Samsung Galaxy S6":0.3540843215,"OnePlus 3":0.3293807642,"Google Pixel 2 XL":0.3211462451,"Moto X":0.2964426877,"Huawei P10":0.2882081686,"LG G6":0.2717391304,"Honor 7X":0.2635046113,"LG G5":0.2223320158,"Moto G4 Plus":0.2140974967,"HTC 10":0.1893939394,"LG V10":0.1729249012,"Samsung Galaxy S8+":0.1646903821,"Google Pixel 2":0.1399868248,"LG G4":0.1399868248,"Nextbit Robin":0.1399868248,"Google Nexus 5":0.1235177866,"LG V20":0.1152832675,"Asus Zenfone 5Z":0.0988142292,"OnePlus 3T":0.0905797101,"Sony Xperia Z3 Compact":0.0905797101,"ZTE Blade V9":0.082345191,"Sony Xperia X Performance":0.0741106719,"Samsung Galaxy Note 4":0.0741106719,"HTC One":0.0576416337,"Sony Xperia XA":0.0494071146,"Moto G":0.0494071146,"BLU VIVO 8L":0.0494071146,"Samsung Galaxy S8":0.0411725955,"Sony Xperia Z5":0.0247035573,"Honor View 10":0.0247035573,"Google Pixel C":0.0247035573,"OnePlus 5T":0.0247035573,"Honor 9 Lite":0.0164690382,"Moto E 2015":0.0164690382,"OnePlus X":0.0082345191,"HTC U11+":0.0082345191,"Huawei MediaPad M5":0.0082345191,"Moto X Style":0.0082345191,"OnePlus 2":0.0082345191,"Huawei Mate 8":0.0082345191,"OnePlus One":0.0082345191}}