{"count":{"LG V10":17,"Huawei Mate 10":12,"Honor View 10":11,"Honor 7X":5,"OnePlus 5T":4,"LG G5":2,"OnePlus 5":2,"Google Pixel 2 XL":1,"Moto X":1,"Google Pixel 2":1,"Moto Z":1},"percent":{"LG V10":11.2582781457,"Huawei Mate 10":7.9470198675,"Honor View 10":7.2847682119,"Honor 7X":3.3112582781,"OnePlus 5T":2.6490066225,"LG G5":1.3245033113,"OnePlus 5":1.3245033113,"Google Pixel 2 XL":0.6622516556,"Moto X":0.6622516556,"Google Pixel 2":0.6622516556,"Moto Z":0.6622516556}}