{"count":{"Honor 7X":3,"Huawei MediaPad M5":1,"Moto X Style":1,"Moto X":1,"OnePlus One":1,"OnePlus 2":1,"Samsung Galaxy Note 4":1},"percent":{"Honor 7X":1.9736842105,"Huawei MediaPad M5":0.6578947368,"Moto X Style":0.6578947368,"Moto X":0.6578947368,"OnePlus One":0.6578947368,"OnePlus 2":0.6578947368,"Samsung Galaxy Note 4":0.6578947368}}