{"count":{"Huawei Nexus 6P":16,"Moto X":11,"BLU VIVO 8L":10,"Samsung Galaxy S7 Edge":7,"Moto G":5,"Google Pixel":4,"Samsung Galaxy S7":4,"OnePlus X":4,"Asus Zenfone 5Z":4,"Moto E 2015":4,"Google Pixel 2 XL":3,"Moto G4 Plus":2,"Samsung Galaxy S6":2,"Samsung Galaxy Note 4":2,"Huawei MediaPad M5":2,"OnePlus One":2,"OnePlus 3":1,"Huawei P10":1,"HTC 10":1,"LG G5":1,"Google Nexus 5":1,"Moto X Style":1,"ZTE Axon 7":1,"Huawei Mate 8":1},"percent":{"Huawei Nexus 6P":1.4638609332,"Moto X":1.0064043916,"BLU VIVO 8L":0.9149130833,"Samsung Galaxy S7 Edge":0.6404391583,"Moto G":0.4574565416,"Google Pixel":0.3659652333,"Samsung Galaxy S7":0.3659652333,"OnePlus X":0.3659652333,"Asus Zenfone 5Z":0.3659652333,"Moto E 2015":0.3659652333,"Google Pixel 2 XL":0.274473925,"Moto G4 Plus":0.1829826167,"Samsung Galaxy S6":0.1829826167,"Samsung Galaxy Note 4":0.1829826167,"Huawei MediaPad M5":0.1829826167,"OnePlus One":0.1829826167,"OnePlus 3":0.0914913083,"Huawei P10":0.0914913083,"HTC 10":0.0914913083,"LG G5":0.0914913083,"Google Nexus 5":0.0914913083,"Moto X Style":0.0914913083,"ZTE Axon 7":0.0914913083,"Huawei Mate 8":0.0914913083}}