{"count":{"Huawei":57,"LG":40,"Samsung":28,"Google":24,"HTC":12,"OnePlus":10,"Moto":7,"Sony":7,"ZTE":5,"Nokia":5,"BlackBerry":4,"Nextbit":3,"Xiaomi":2,"Asus":1,"Nexus":1},"percent":{"Huawei":6.8181818182,"LG":4.7846889952,"Samsung":3.3492822967,"Google":2.8708133971,"HTC":1.4354066986,"OnePlus":1.1961722488,"Moto":0.8373205742,"Sony":0.8373205742,"ZTE":0.5980861244,"Nokia":0.5980861244,"BlackBerry":0.4784688995,"Nextbit":0.3588516746,"Xiaomi":0.2392344498,"Asus":0.1196172249,"Nexus":0.1196172249}}