{"count":{"Moto G4 Plus":2,"Moto X":1,"Samsung Galaxy S7 Edge":1,"OnePlus 2":1},"percent":{"Moto G4 Plus":5.5555555556,"Moto X":2.7777777778,"Samsung Galaxy S7 Edge":2.7777777778,"OnePlus 2":2.7777777778}}