{"count":{"Huawei":106,"Google":51,"Samsung":28,"Moto":24,"Nexus":22,"BLU":14,"OnePlus":8,"LG":7,"ZTE":5,"Asus":5,"BlackBerry":2,"HTC":2,"Sony":1},"percent":{"Huawei":9.6980786825,"Google":4.6660567246,"Samsung":2.5617566331,"Moto":2.1957913998,"Nexus":2.0128087832,"BLU":1.2808783166,"OnePlus":0.7319304666,"LG":0.6404391583,"ZTE":0.4574565416,"Asus":0.4574565416,"BlackBerry":0.1829826167,"HTC":0.1829826167,"Sony":0.0914913083}}