{"count":{"Google Pixel":21,"Nokia 7 Plus":11,"Google Pixel 2 XL":11,"LG G6":7,"LG V20":5,"HTC 10":5,"Samsung Galaxy S7 Edge":4,"OnePlus 3T":2,"HTC One":2,"Samsung Galaxy S7":1,"Huawei P10":1,"Samsung Galaxy S8+":1},"percent":{"Google Pixel":10.6598984772,"Nokia 7 Plus":5.5837563452,"Google Pixel 2 XL":5.5837563452,"LG G6":3.5532994924,"LG V20":2.538071066,"HTC 10":2.538071066,"Samsung Galaxy S7 Edge":2.0304568528,"OnePlus 3T":1.0152284264,"HTC One":1.0152284264,"Samsung Galaxy S7":0.5076142132,"Huawei P10":0.5076142132,"Samsung Galaxy S8+":0.5076142132}}