{"count":{"Samsung":1564,"Google":955,"Nexus":559,"LG":508,"Huawei":392,"Moto":275,"BlackBerry":93,"Sony":81,"ZTE":52,"OnePlus":34,"Honor":31,"Nokia":19,"Asus":15,"Xiaomi":11,"BLU":4,"Nextbit":1,"Razer":1},"percent":{"Samsung":10.6019522777,"Google":6.4736984816,"Nexus":3.7893167028,"LG":3.4436008677,"Huawei":2.6572668113,"Moto":1.864154013,"BlackBerry":0.6304229935,"Sony":0.5490780911,"ZTE":0.352494577,"OnePlus":0.2304772234,"Honor":0.2101409978,"Nokia":0.1287960954,"Asus":0.101681128,"Xiaomi":0.0745661605,"BLU":0.0271149675,"Nextbit":0.0067787419,"Razer":0.0067787419}}