{"count":{"Google":25,"Samsung":13,"Nokia":11,"LG":10,"Huawei":2,"OnePlus":2,"Sony":2,"Nexus":1},"percent":{"Google":12.6903553299,"Samsung":6.5989847716,"Nokia":5.5837563452,"LG":5.076142132,"Huawei":1.0152284264,"OnePlus":1.0152284264,"Sony":1.0152284264,"Nexus":0.5076142132}}