{"count":{"HTC One":4023,"Google Nexus 5":550,"Moto X":286,"Samsung Galaxy S7 Edge":217,"Google Pixel":150,"Samsung Galaxy Note 4":143,"Sony Xperia Z3 Compact":65,"Samsung Galaxy S6":53,"HTC Desire 825":45,"HTC 10":36,"Google Pixel 2 XL":34,"OnePlus One":26,"Huawei Nexus 6P":20,"Moto G":19,"LG G4":17,"LG V10":16,"LG G5":13,"Samsung Galaxy S7":12,"Nexus 9":7,"Asus Zenfone 5Z":7,"ZTE Blade V9":4,"Sony Xperia Z5":4,"Nextbit Robin":3,"Honor 7X":2,"Sony Xperia XA":2,"LG V20":2,"Moto G4 Plus":2,"Moto E 2015":2,"ZTE Axon 7":2,"Xiaomi Mi A1":1,"BLU VIVO 8L":1,"Moto X Style":1,"LG X screen":1,"OnePlus 3T":1,"Huawei MediaPad M5":1},"percent":{"HTC One":9.1216216216,"Google Nexus 5":1.2470524215,"Moto X":0.6484672592,"Samsung Galaxy S7 Edge":0.4920188645,"Google Pixel":0.3401052059,"Samsung Galaxy Note 4":0.3242336296,"Sony Xperia Z3 Compact":0.1473789225,"Samsung Galaxy S6":0.1201705061,"HTC Desire 825":0.1020315618,"HTC 10":0.0816252494,"Google Pixel 2 XL":0.0770905133,"OnePlus One":0.058951569,"Huawei Nexus 6P":0.0453473608,"Moto G":0.0430799927,"LG G4":0.0385452567,"LG V10":0.0362778886,"LG G5":0.0294757845,"Samsung Galaxy S7":0.0272084165,"Nexus 9":0.0158715763,"Asus Zenfone 5Z":0.0158715763,"ZTE Blade V9":0.0090694722,"Sony Xperia Z5":0.0090694722,"Nextbit Robin":0.0068021041,"Honor 7X":0.0045347361,"Sony Xperia XA":0.0045347361,"LG V20":0.0045347361,"Moto G4 Plus":0.0045347361,"Moto E 2015":0.0045347361,"ZTE Axon 7":0.0045347361,"Xiaomi Mi A1":0.002267368,"BLU VIVO 8L":0.002267368,"Moto X Style":0.002267368,"LG X screen":0.002267368,"OnePlus 3T":0.002267368,"Huawei MediaPad M5":0.002267368}}