{"count":{"Google":3306,"Samsung":1723,"Nexus":1140,"LG":572,"Moto":395,"Sony":232,"BlackBerry":109,"Nokia":99,"OnePlus":28,"Huawei":28,"Asus":19,"Honor":18,"ZTE":8,"Xiaomi":8,"BLU":6,"Nextbit":3,"Maze":2},"percent":{"Google":7.4959187375,"Samsung":3.9066751315,"Nexus":2.5847995647,"LG":1.2969345184,"Moto":0.8956103755,"Sony":0.5260293851,"BlackBerry":0.2471431163,"Nokia":0.2244694359,"OnePlus":0.0634863051,"Huawei":0.0634863051,"Asus":0.0430799927,"Honor":0.0408126247,"ZTE":0.0181389443,"Xiaomi":0.0181389443,"BLU":0.0136042082,"Nextbit":0.0068021041,"Maze":0.0045347361}}