{"count":{"Google":13,"Samsung":6,"Honor":3,"Nexus":3,"Moto":2,"BlackBerry":1,"OnePlus":1,"LG":1,"HTC":1},"percent":{"Google":6.5989847716,"Samsung":3.0456852792,"Honor":1.5228426396,"Nexus":1.5228426396,"Moto":1.0152284264,"BlackBerry":0.5076142132,"OnePlus":0.5076142132,"LG":0.5076142132,"HTC":0.5076142132}}