{"count":{"Google":125,"Samsung":124,"LG":70,"Honor":52,"HTC":16,"Nexus":12,"BlackBerry":9,"Moto":9,"Nokia":8,"Sony":5,"OnePlus":3,"Razer":2,"Asus":2,"ZTE":1,"Xiaomi":1},"percent":{"Google":5.1020408163,"Samsung":5.0612244898,"LG":2.8571428571,"Honor":2.1224489796,"HTC":0.6530612245,"Nexus":0.4897959184,"BlackBerry":0.3673469388,"Moto":0.3673469388,"Nokia":0.3265306122,"Sony":0.2040816327,"OnePlus":0.1224489796,"Razer":0.0816326531,"Asus":0.0816326531,"ZTE":0.0408163265,"Xiaomi":0.0408163265}}