{"count":{"Samsung Galaxy S6":3,"Samsung Galaxy S7":2,"Huawei Nexus 6P":2,"Samsung Galaxy S7 Edge":1,"LG G5":1},"percent":{"Samsung Galaxy S6":1.5228426396,"Samsung Galaxy S7":1.0152284264,"Huawei Nexus 6P":1.0152284264,"Samsung Galaxy S7 Edge":0.5076142132,"LG G5":0.5076142132}}