{"count":{"Google Pixel":4,"Google Pixel 2":2,"Huawei Nexus 6P":2,"Samsung Galaxy S7 Edge":2,"OnePlus 5T":1,"Razer Phone":1,"Huawei Mate 8":1,"HTC Desire 825":1,"OnePlus 2":1},"percent":{"Google Pixel":0.8547008547,"Google Pixel 2":0.4273504274,"Huawei Nexus 6P":0.4273504274,"Samsung Galaxy S7 Edge":0.4273504274,"OnePlus 5T":0.2136752137,"Razer Phone":0.2136752137,"Huawei Mate 8":0.2136752137,"HTC Desire 825":0.2136752137,"OnePlus 2":0.2136752137}}