{"count":{"Huawei Nexus 6P":11,"Samsung Galaxy S7":9,"Samsung Galaxy S7 Edge":6,"LG G5":6,"Samsung Galaxy S6":4,"OnePlus 3":4,"Sony Xperia Z3 Compact":4,"Huawei Mate 8":3,"Honor 9 Lite":2,"Google Pixel":2,"Samsung Galaxy Note 4":2,"LG G4":2,"OnePlus One":2,"Moto Z":1,"OnePlus 3T":1,"Google Pixel 2 XL":1,"Moto X":1,"Xiaomi Mi 5":1},"percent":{"Huawei Nexus 6P":1.2485811578,"Samsung Galaxy S7":1.0215664018,"Samsung Galaxy S7 Edge":0.6810442679,"LG G5":0.6810442679,"Samsung Galaxy S6":0.4540295119,"OnePlus 3":0.4540295119,"Sony Xperia Z3 Compact":0.4540295119,"Huawei Mate 8":0.3405221339,"Honor 9 Lite":0.227014756,"Google Pixel":0.227014756,"Samsung Galaxy Note 4":0.227014756,"LG G4":0.227014756,"OnePlus One":0.227014756,"Moto Z":0.113507378,"OnePlus 3T":0.113507378,"Google Pixel 2 XL":0.113507378,"Moto X":0.113507378,"Xiaomi Mi 5":0.113507378}}