{"count":{"Google":34,"Samsung":11,"Honor":6,"Nexus":4,"HTC":4,"OnePlus":3,"LG":3,"Asus":2,"Razer":1,"ZTE":1,"Moto":1,"BlackBerry":1,"Sony":1,"Nokia":1},"percent":{"Google":7.264957265,"Samsung":2.3504273504,"Honor":1.2820512821,"Nexus":0.8547008547,"HTC":0.8547008547,"OnePlus":0.641025641,"LG":0.641025641,"Asus":0.4273504274,"Razer":0.2136752137,"ZTE":0.2136752137,"Moto":0.2136752137,"BlackBerry":0.2136752137,"Sony":0.2136752137,"Nokia":0.2136752137}}