{"count":{"Google":13,"Moto":13,"LG":13,"Samsung":7,"OnePlus":6,"ZTE":4,"Honor":3,"Nokia":3,"Asus":2,"HTC":2,"BLU":1,"Nextbit":1,"Nexus":1},"percent":{"Google":3.3163265306,"Moto":3.3163265306,"LG":3.3163265306,"Samsung":1.7857142857,"OnePlus":1.5306122449,"ZTE":1.0204081633,"Honor":0.7653061224,"Nokia":0.7653061224,"Asus":0.5102040816,"HTC":0.5102040816,"BLU":0.2551020408,"Nextbit":0.2551020408,"Nexus":0.2551020408}}