{"count":{"Google Pixel":4,"Moto X":4,"OnePlus 3":4,"Moto G":4,"Moto Z":3,"Samsung Galaxy S7 Edge":3,"Asus Zenfone 5Z":2,"LG V20":2,"LG G6":2,"HTC One":2,"Samsung Galaxy S7":2,"ZTE Blade V9":2,"Moto G4 Plus":2,"LG G5":1,"Nextbit Robin":1,"Honor 7X":1,"LG V10":1,"OnePlus 3T":1,"LG G4":1,"Samsung Galaxy S6":1},"percent":{"Google Pixel":1.0204081633,"Moto X":1.0204081633,"OnePlus 3":1.0204081633,"Moto G":1.0204081633,"Moto Z":0.7653061224,"Samsung Galaxy S7 Edge":0.7653061224,"Asus Zenfone 5Z":0.5102040816,"LG V20":0.5102040816,"LG G6":0.5102040816,"HTC One":0.5102040816,"Samsung Galaxy S7":0.5102040816,"ZTE Blade V9":0.5102040816,"Moto G4 Plus":0.5102040816,"LG G5":0.2551020408,"Nextbit Robin":0.2551020408,"Honor 7X":0.2551020408,"LG V10":0.2551020408,"OnePlus 3T":0.2551020408,"LG G4":0.2551020408,"Samsung Galaxy S6":0.2551020408}}