{"count":{"Moto X":2,"Samsung Galaxy S7 Edge":2,"Google Pixel":1,"ZTE Axon 7":1,"HTC One":1,"Samsung Galaxy S6":1},"percent":{"Moto X":0.9950248756,"Samsung Galaxy S7 Edge":0.9950248756,"Google Pixel":0.4975124378,"ZTE Axon 7":0.4975124378,"HTC One":0.4975124378,"Samsung Galaxy S6":0.4975124378}}