{"count":{"Google":12,"Samsung":5,"Nexus":3,"Moto":2,"Nokia":1,"ZTE":1,"HTC":1},"percent":{"Google":5.9701492537,"Samsung":2.4875621891,"Nexus":1.4925373134,"Moto":0.9950248756,"Nokia":0.4975124378,"ZTE":0.4975124378,"HTC":0.4975124378}}