{"count":{"Samsung Galaxy S6":1554,"Samsung Galaxy S7 Edge":588,"Samsung Galaxy Note 4":534,"Moto X":404,"Google Nexus 5":273,"LG G5":269,"LG V10":237,"HTC One":153,"Sony Xperia Z3 Compact":125,"Samsung Galaxy S7":112,"Huawei Nexus 6P":90,"LG G6":62,"LG V20":61,"Asus Zenfone 5Z":51,"Moto G":38,"Google Pixel":35,"OnePlus One":25,"Nexus 9":22,"Sony Xperia Z5":19,"Google Pixel 2 XL":14,"Moto X Style":12,"HTC 10":11,"Moto G4 Plus":11,"ZTE Blade V9":6,"Moto Z":5,"Samsung Galaxy S8+":4,"Moto G 2015":4,"OnePlus 2":4,"OnePlus 3T":3,"Sony Xperia X Performance":2,"Google Pixel C":2,"Xiaomi Mi A1":2,"Nokia 7 Plus":2,"OnePlus 3":1,"ZTE Axon 7":1,"Moto E 2015":1,"Huawei MediaPad M5":1,"BLU VIVO 8L":1},"percent":{"Samsung Galaxy S6":3.4885287119,"Samsung Galaxy S7 Edge":1.3199838369,"Samsung Galaxy Note 4":1.1987608315,"Moto X":0.9069276703,"Google Nexus 5":0.6128496386,"LG G5":0.6038701567,"LG V10":0.5320343016,"HTC One":0.3434651821,"Sony Xperia Z3 Compact":0.2806088089,"Samsung Galaxy S7":0.2514254927,"Huawei Nexus 6P":0.2020383424,"LG G6":0.1391819692,"LG V20":0.1369370987,"Asus Zenfone 5Z":0.114488394,"Moto G":0.0853050779,"Google Pixel":0.0785704665,"OnePlus One":0.0561217618,"Nexus 9":0.0493871504,"Sony Xperia Z5":0.0426525389,"Google Pixel 2 XL":0.0314281866,"Moto X Style":0.0269384457,"HTC 10":0.0246935752,"Moto G4 Plus":0.0246935752,"ZTE Blade V9":0.0134692228,"Moto Z":0.0112243524,"Samsung Galaxy S8+":0.0089794819,"Moto G 2015":0.0089794819,"OnePlus 2":0.0089794819,"OnePlus 3T":0.0067346114,"Sony Xperia X Performance":0.0044897409,"Google Pixel C":0.0044897409,"Xiaomi Mi A1":0.0044897409,"Nokia 7 Plus":0.0044897409,"OnePlus 3":0.0022448705,"ZTE Axon 7":0.0022448705,"Moto E 2015":0.0022448705,"Huawei MediaPad M5":0.0022448705,"BLU VIVO 8L":0.0022448705}}