{"count":{"Samsung":902,"Google":385,"HTC":218,"Nexus":197,"Huawei":120,"Moto":96,"Sony":49,"BlackBerry":24,"Nokia":15,"OnePlus":11,"BLU":11,"ZTE":10,"Honor":9,"Asus":7,"Xiaomi":5,"Nextbit":2},"percent":{"Samsung":10.5620608899,"Google":4.5081967213,"HTC":2.5526932084,"Nexus":2.3067915691,"Huawei":1.4051522248,"Moto":1.1241217799,"Sony":0.5737704918,"BlackBerry":0.281030445,"Nokia":0.1756440281,"OnePlus":0.1288056206,"BLU":0.1288056206,"ZTE":0.1170960187,"Honor":0.1053864169,"Asus":0.0819672131,"Xiaomi":0.0585480094,"Nextbit":0.0234192037}}