{"count":{"Samsung":1430,"Google":899,"Nexus":146,"Huawei":137,"Moto":134,"HTC":130,"Nokia":98,"OnePlus":92,"Honor":70,"BlackBerry":54,"ZTE":38,"Sony":37,"Xiaomi":11,"Asus":7,"BLU":4},"percent":{"Samsung":9.5238095238,"Google":5.9873459873,"Nexus":0.9723609724,"Huawei":0.9124209124,"Moto":0.8924408924,"HTC":0.8658008658,"Nokia":0.6526806527,"OnePlus":0.6127206127,"Honor":0.4662004662,"BlackBerry":0.3596403596,"ZTE":0.2530802531,"Sony":0.2464202464,"Xiaomi":0.0732600733,"Asus":0.0466200466,"BLU":0.0266400266}}