{"count":{"LG V20":939,"LG G6":484,"Google Pixel":350,"LG V10":204,"Google Pixel 2 XL":181,"Samsung Galaxy S7 Edge":156,"Samsung Galaxy S7":146,"Samsung Galaxy S8+":116,"Google Pixel 2":100,"LG G5":99,"Samsung Galaxy S6":62,"Samsung Galaxy Note 4":57,"Huawei Nexus 6P":52,"LG V30S":44,"Huawei Mate 10":40,"Samsung Galaxy S8":30,"ZTE Axon 7":24,"Moto Z":22,"OnePlus 5":20,"LG G4":19,"Nokia 7 Plus":16,"Samsung Galaxy S9":15,"HTC 10":12,"Sony Xperia Z3 Compact":11,"Google Nexus 5":11,"Samsung Galaxy S9+":10,"HTC One":8,"Huawei P10":5,"Moto X":4,"Moto G":4,"BLU VIVO 8L":2,"Moto G4 Plus":1,"Sony Xperia Z5":1,"OnePlus 3":1,"Nextbit Robin":1,"ZTE Blade V9":1,"Xiaomi Mi A1":1,"HTC U11+":1,"Sony Xperia X Performance":1,"Moto E 2015":1,"Honor 7X":1,"Razer Phone":1,"Honor View 10":1,"Asus Zenfone 5Z":1},"percent":{"LG V20":9.409760497,"LG G6":4.8501853893,"Google Pixel":3.5073654675,"LG V10":2.0442930153,"Google Pixel 2 XL":1.8138089989,"Samsung Galaxy S7 Edge":1.5632828941,"Samsung Galaxy S7":1.4630724521,"Samsung Galaxy S8+":1.1624411264,"Google Pixel 2":1.0021044193,"LG G5":0.9920833751,"Samsung Galaxy S6":0.62130474,"Samsung Galaxy Note 4":0.571199519,"Huawei Nexus 6P":0.521094298,"LG V30S":0.4409259445,"Huawei Mate 10":0.4008417677,"Samsung Galaxy S8":0.3006313258,"ZTE Axon 7":0.2405050606,"Moto Z":0.2204629722,"OnePlus 5":0.2004208839,"LG G4":0.1903998397,"Nokia 7 Plus":0.1603367071,"Samsung Galaxy S9":0.1503156629,"HTC 10":0.1202525303,"Sony Xperia Z3 Compact":0.1102314861,"Google Nexus 5":0.1102314861,"Samsung Galaxy S9+":0.1002104419,"HTC One":0.0801683535,"Huawei P10":0.050105221,"Moto X":0.0400841768,"Moto G":0.0400841768,"BLU VIVO 8L":0.0200420884,"Moto G4 Plus":0.0100210442,"Sony Xperia Z5":0.0100210442,"OnePlus 3":0.0100210442,"Nextbit Robin":0.0100210442,"ZTE Blade V9":0.0100210442,"Xiaomi Mi A1":0.0100210442,"HTC U11+":0.0100210442,"Sony Xperia X Performance":0.0100210442,"Moto E 2015":0.0100210442,"Honor 7X":0.0100210442,"Razer Phone":0.0100210442,"Honor View 10":0.0100210442,"Asus Zenfone 5Z":0.0100210442}}