{"count":{"Moto Z":457,"Moto X":88,"Google Pixel":80,"Samsung Galaxy S7 Edge":41,"Samsung Galaxy S7":34,"LG G5":24,"Huawei Nexus 6P":21,"Moto G4 Plus":20,"Google Nexus 5":18,"Moto G":15,"OnePlus 3":12,"Google Pixel 2 XL":10,"Samsung Galaxy S6":10,"ZTE Axon 7":8,"LG G4":8,"LG V20":6,"OnePlus 3T":6,"Moto E 2015":6,"HTC 10":6,"LG G6":5,"LG V10":3,"Samsung Galaxy Note 4":2,"Asus Zenfone 5Z":2,"OnePlus One":2,"Google Pixel C":1,"Nokia 7 Plus":1,"Samsung Galaxy S8":1,"HTC One":1,"Moto X Style":1,"Moto G 2015":1},"percent":{"Moto Z":11.1273435598,"Moto X":2.1426832238,"Google Pixel":1.9478938398,"Samsung Galaxy S7 Edge":0.9982955929,"Samsung Galaxy S7":0.8278548819,"LG G5":0.5843681519,"Huawei Nexus 6P":0.5113221329,"Moto G4 Plus":0.4869734599,"Google Nexus 5":0.438276114,"Moto G":0.365230095,"OnePlus 3":0.292184076,"Google Pixel 2 XL":0.24348673,"Samsung Galaxy S6":0.24348673,"ZTE Axon 7":0.194789384,"LG G4":0.194789384,"LG V20":0.146092038,"OnePlus 3T":0.146092038,"Moto E 2015":0.146092038,"HTC 10":0.146092038,"LG G6":0.121743365,"LG V10":0.073046019,"Samsung Galaxy Note 4":0.048697346,"Asus Zenfone 5Z":0.048697346,"OnePlus One":0.048697346,"Google Pixel C":0.024348673,"Nokia 7 Plus":0.024348673,"Samsung Galaxy S8":0.024348673,"HTC One":0.024348673,"Moto X Style":0.024348673,"Moto G 2015":0.024348673}}