{"count":{"Moto G":592,"Moto G 2015":196,"Moto X":181,"Moto E 2015":35,"Google Nexus 5":23,"Moto X Style":16,"Samsung Galaxy S7 Edge":15,"LG G4":13,"Samsung Galaxy S6":13,"Moto G4 Plus":13,"Samsung Galaxy Note 4":7,"Asus Zenfone 5Z":6,"OnePlus One":4,"Sony Xperia Z3 Compact":4,"HTC Desire 825":3,"Huawei Nexus 6P":3,"HTC One":2,"Samsung Galaxy S7":2,"Google Pixel":2,"LG V20":2,"HTC 10":1,"LG G6":1,"ZTE Axon 7":1,"LG X screen":1,"LG G5":1,"Xiaomi Mi A1":1},"percent":{"Moto G":15.7698454981,"Moto G 2015":5.221097496,"Moto X":4.821523708,"Moto E 2015":0.9323388386,"Google Nexus 5":0.6126798082,"Moto X Style":0.4262120405,"Samsung Galaxy S7 Edge":0.399573788,"LG G4":0.3462972829,"Samsung Galaxy S6":0.3462972829,"Moto G4 Plus":0.3462972829,"Samsung Galaxy Note 4":0.1864677677,"Asus Zenfone 5Z":0.1598295152,"OnePlus One":0.1065530101,"Sony Xperia Z3 Compact":0.1065530101,"HTC Desire 825":0.0799147576,"Huawei Nexus 6P":0.0799147576,"HTC One":0.0532765051,"Samsung Galaxy S7":0.0532765051,"Google Pixel":0.0532765051,"LG V20":0.0532765051,"HTC 10":0.0266382525,"LG G6":0.0266382525,"ZTE Axon 7":0.0266382525,"LG X screen":0.0266382525,"LG G5":0.0266382525,"Xiaomi Mi A1":0.0266382525}}