{"count":{"Samsung":256,"Google":196,"Nexus":179,"LG":98,"HTC":81,"Huawei":65,"Sony":26,"BlackBerry":17,"OnePlus":13,"ZTE":12,"Nokia":8,"Honor":7,"Asus":6,"Xiaomi":3,"BLU":2,"Nextbit":1,"Razer":1},"percent":{"Samsung":6.1865635573,"Google":4.7365877235,"Nexus":4.3257612373,"LG":2.3682938618,"HTC":1.9574673755,"Huawei":1.5708071532,"Sony":0.6283228613,"BlackBerry":0.4108264862,"OnePlus":0.3141614306,"ZTE":0.2899951667,"Nokia":0.1933301112,"Honor":0.1691638473,"Asus":0.1449975834,"Xiaomi":0.0724987917,"BLU":0.0483325278,"Nextbit":0.0241662639,"Razer":0.0241662639}}