{"count":{"Moto G4 Plus":82,"Moto G":30,"Moto X":18,"LG G5":13,"Samsung Galaxy S7":3,"Moto E 2015":3,"Huawei Nexus 6P":2,"Moto Z":2,"Samsung Galaxy S7 Edge":2,"LG G6":2,"Google Pixel 2 XL":2,"HTC 10":1,"Samsung Galaxy S6":1,"LG V10":1,"LG G4":1,"OnePlus 3":1,"Google Nexus 5":1,"Samsung Galaxy Note 4":1},"percent":{"Moto G4 Plus":17.6724137931,"Moto G":6.4655172414,"Moto X":3.8793103448,"LG G5":2.8017241379,"Samsung Galaxy S7":0.6465517241,"Moto E 2015":0.6465517241,"Huawei Nexus 6P":0.4310344828,"Moto Z":0.4310344828,"Samsung Galaxy S7 Edge":0.4310344828,"LG G6":0.4310344828,"Google Pixel 2 XL":0.4310344828,"HTC 10":0.2155172414,"Samsung Galaxy S6":0.2155172414,"LG V10":0.2155172414,"LG G4":0.2155172414,"OnePlus 3":0.2155172414,"Google Nexus 5":0.2155172414,"Samsung Galaxy Note 4":0.2155172414}}