{"count":{"Moto X":296,"Huawei Nexus 6P":97,"Samsung Galaxy S7 Edge":67,"Samsung Galaxy S6":53,"LG V10":37,"Google Pixel":36,"LG G4":35,"Samsung Galaxy Note 4":32,"Moto Z":26,"Samsung Galaxy S7":21,"Google Nexus 5":13,"Moto G":12,"Sony Xperia Z3 Compact":12,"Moto X Style":9,"HTC 10":9,"HTC One":7,"Google Pixel 2 XL":5,"Sony Xperia Z5":4,"Moto G4 Plus":4,"OnePlus 2":2,"Asus Zenfone 5Z":2,"ZTE Blade V9":2,"LG G5":2,"Samsung Galaxy S8+":2,"Moto E 2015":2,"Google Pixel 2":2,"Google Pixel C":1,"Samsung Galaxy S8":1,"OnePlus One":1,"BLU VIVO 8L":1,"Honor 7X":1,"Nexus 9":1},"percent":{"Moto X":3.2427695004,"Huawei Nexus 6P":1.0626643295,"Samsung Galaxy S7 Edge":0.7340052585,"Samsung Galaxy S6":0.5806310254,"LG V10":0.4053461876,"Google Pixel":0.3943908852,"LG G4":0.3834355828,"Samsung Galaxy Note 4":0.3505696757,"Moto Z":0.2848378615,"Samsung Galaxy S7":0.2300613497,"Google Nexus 5":0.1424189308,"Moto G":0.1314636284,"Sony Xperia Z3 Compact":0.1314636284,"Moto X Style":0.0985977213,"HTC 10":0.0985977213,"HTC One":0.0766871166,"Google Pixel 2 XL":0.0547765118,"Sony Xperia Z5":0.0438212095,"Moto G4 Plus":0.0438212095,"OnePlus 2":0.0219106047,"Asus Zenfone 5Z":0.0219106047,"ZTE Blade V9":0.0219106047,"LG G5":0.0219106047,"Samsung Galaxy S8+":0.0219106047,"Moto E 2015":0.0219106047,"Google Pixel 2":0.0219106047,"Google Pixel C":0.0109553024,"Samsung Galaxy S8":0.0109553024,"OnePlus One":0.0109553024,"BLU VIVO 8L":0.0109553024,"Honor 7X":0.0109553024,"Nexus 9":0.0109553024}}