{"count":{"Moto Z":510,"Google Pixel":213,"Samsung Galaxy S7 Edge":119,"Moto X":104,"Google Pixel 2 XL":73,"Huawei Nexus 6P":50,"Samsung Galaxy S7":42,"Samsung Galaxy Note 4":41,"LG V20":32,"LG V10":14,"Samsung Galaxy S6":14,"LG G5":13,"LG G4":12,"HTC 10":8,"Nokia 7 Plus":8,"Moto G4 Plus":8,"Sony Xperia Z3 Compact":5,"ZTE Axon 7":5,"Moto G":5,"LG G6":5,"Google Nexus 5":5,"HTC One":4,"OnePlus 3":3,"Google Pixel 2":3,"Samsung Galaxy S8+":2,"OnePlus One":2,"Samsung Galaxy S8":2,"Nextbit Robin":2,"HTC U11+":2,"Samsung Galaxy S9":1,"ZTE Blade V9":1,"Razer Phone":1,"Sony Xperia XA":1,"OnePlus 5T":1,"Huawei Mate 10":1,"OnePlus 2":1},"percent":{"Moto Z":7.0490670352,"Google Pixel":2.9440221147,"Samsung Galaxy S7 Edge":1.6447823082,"Moto X":1.4374568072,"Google Pixel 2 XL":1.008984105,"Huawei Nexus 6P":0.6910850035,"Samsung Galaxy S7":0.5805114029,"Samsung Galaxy Note 4":0.5666897028,"LG V20":0.4422944022,"LG V10":0.193503801,"Samsung Galaxy S6":0.193503801,"LG G5":0.1796821009,"LG G4":0.1658604008,"HTC 10":0.1105736006,"Nokia 7 Plus":0.1105736006,"Moto G4 Plus":0.1105736006,"Sony Xperia Z3 Compact":0.0691085003,"ZTE Axon 7":0.0691085003,"Moto G":0.0691085003,"LG G6":0.0691085003,"Google Nexus 5":0.0691085003,"HTC One":0.0552868003,"OnePlus 3":0.0414651002,"Google Pixel 2":0.0414651002,"Samsung Galaxy S8+":0.0276434001,"OnePlus One":0.0276434001,"Samsung Galaxy S8":0.0276434001,"Nextbit Robin":0.0276434001,"HTC U11+":0.0276434001,"Samsung Galaxy S9":0.0138217001,"ZTE Blade V9":0.0138217001,"Razer Phone":0.0138217001,"Sony Xperia XA":0.0138217001,"OnePlus 5T":0.0138217001,"Huawei Mate 10":0.0138217001,"OnePlus 2":0.0138217001}}