{"count":{"Google":621,"Samsung":360,"LG":129,"Nexus":96,"Huawei":52,"Sony":29,"HTC":24,"BlackBerry":13,"Nokia":10,"OnePlus":10,"ZTE":7,"Asus":3,"Nextbit":2,"Razer":1},"percent":{"Google":8.5832757429,"Samsung":4.9758120249,"LG":1.7829993089,"Nexus":1.3268832066,"Huawei":0.7187284036,"Sony":0.400829302,"HTC":0.3317208017,"BlackBerry":0.1796821009,"Nokia":0.1382170007,"OnePlus":0.1382170007,"ZTE":0.0967519005,"Asus":0.0414651002,"Nextbit":0.0276434001,"Razer":0.0138217001}}