{"count":{"Moto Z":500,"Moto X":298,"Huawei Nexus 6P":62,"Samsung Galaxy S7 Edge":55,"Samsung Galaxy S7":53,"HTC 10":45,"LG G5":44,"Google Pixel":40,"Samsung Galaxy S6":27,"Moto G":17,"Samsung Galaxy Note 4":10,"ZTE Axon 7":10,"LG G4":9,"OnePlus 3":7,"Moto G4 Plus":6,"LG V10":5,"Google Pixel 2 XL":5,"Sony Xperia Z3 Compact":5,"HTC One":5,"Moto X Style":4,"Nokia 7 Plus":4,"LG V20":4,"Google Nexus 5":3,"Nexus 9":2,"Samsung Galaxy S8+":2,"LG G6":2,"BLU VIVO 8L":2,"Nextbit Robin":1,"OnePlus 3T":1,"Xiaomi Mi 5":1,"Sony Xperia X Performance":1,"OnePlus One":1,"Sony Xperia XA":1,"ZTE Blade V9":1,"Moto G 2015":1,"Sony Xperia Z5":1},"percent":{"Moto Z":12.0831319478,"Moto X":7.2015466409,"Huawei Nexus 6P":1.4983083615,"Samsung Galaxy S7 Edge":1.3291445143,"Samsung Galaxy S7":1.2808119865,"HTC 10":1.0874818753,"LG G5":1.0633156114,"Google Pixel":0.9666505558,"Samsung Galaxy S6":0.6524891252,"Moto G":0.4108264862,"Samsung Galaxy Note 4":0.241662639,"ZTE Axon 7":0.241662639,"LG G4":0.2174963751,"OnePlus 3":0.1691638473,"Moto G4 Plus":0.1449975834,"LG V10":0.1208313195,"Google Pixel 2 XL":0.1208313195,"Sony Xperia Z3 Compact":0.1208313195,"HTC One":0.1208313195,"Moto X Style":0.0966650556,"Nokia 7 Plus":0.0966650556,"LG V20":0.0966650556,"Google Nexus 5":0.0724987917,"Nexus 9":0.0483325278,"Samsung Galaxy S8+":0.0483325278,"LG G6":0.0483325278,"BLU VIVO 8L":0.0483325278,"Nextbit Robin":0.0241662639,"OnePlus 3T":0.0241662639,"Xiaomi Mi 5":0.0241662639,"Sony Xperia X Performance":0.0241662639,"OnePlus One":0.0241662639,"Sony Xperia XA":0.0241662639,"ZTE Blade V9":0.0241662639,"Moto G 2015":0.0241662639,"Sony Xperia Z5":0.0241662639}}