{"count":{"Moto":50,"Google":25,"Samsung":20,"Nexus":3,"LG":2,"HTC":1},"percent":{"Moto":12.9533678756,"Google":6.4766839378,"Samsung":5.1813471503,"Nexus":0.7772020725,"LG":0.518134715,"HTC":0.2590673575}}