{"count":{"Moto E 2015":5,"Moto G":4,"LG G5":3,"Google Pixel 2":2,"Moto Z":2,"Samsung Galaxy S8":1,"Google Pixel 2 XL":1,"Samsung Galaxy S7":1,"Moto G4 Plus":1,"HTC 10":1},"percent":{"Moto E 2015":1.9083969466,"Moto G":1.5267175573,"LG G5":1.1450381679,"Google Pixel 2":0.7633587786,"Moto Z":0.7633587786,"Samsung Galaxy S8":0.3816793893,"Google Pixel 2 XL":0.3816793893,"Samsung Galaxy S7":0.3816793893,"Moto G4 Plus":0.3816793893,"HTC 10":0.3816793893}}