{"count":{"LG":328,"Google":101,"Samsung":34,"Nexus":17,"ZTE":4,"Huawei":4,"Nokia":3,"Xiaomi":3,"Honor":3,"Sony":3,"HTC":2,"OnePlus":2,"Nextbit":1},"percent":{"LG":28.2029234738,"Google":8.6844368014,"Samsung":2.9234737747,"Nexus":1.4617368874,"ZTE":0.3439380911,"Huawei":0.3439380911,"Nokia":0.2579535684,"Xiaomi":0.2579535684,"Honor":0.2579535684,"Sony":0.2579535684,"HTC":0.1719690456,"OnePlus":0.1719690456,"Nextbit":0.0859845228}}