{"count":{"Moto E 2015":249,"Moto X":25,"Moto G":20,"Samsung Galaxy Note 4":5,"Google Pixel":3,"Moto G 2015":3,"Google Nexus 5":3,"Samsung Galaxy S7 Edge":2,"Samsung Galaxy S6":2,"Asus Zenfone 5Z":2,"Moto Z":1,"OnePlus 3T":1,"Xiaomi Mi A1":1,"Huawei Nexus 6P":1,"LG V10":1,"Samsung Galaxy S7":1},"percent":{"Moto E 2015":25.9105098855,"Moto X":2.6014568158,"Moto G":2.0811654527,"Samsung Galaxy Note 4":0.5202913632,"Google Pixel":0.3121748179,"Moto G 2015":0.3121748179,"Google Nexus 5":0.3121748179,"Samsung Galaxy S7 Edge":0.2081165453,"Samsung Galaxy S6":0.2081165453,"Asus Zenfone 5Z":0.2081165453,"Moto Z":0.1040582726,"OnePlus 3T":0.1040582726,"Xiaomi Mi A1":0.1040582726,"Huawei Nexus 6P":0.1040582726,"LG V10":0.1040582726,"Samsung Galaxy S7":0.1040582726}}