{"count":{"Google":46,"Samsung":40,"LG":24,"Sony":9,"OnePlus":5,"HTC":5,"Huawei":4,"Nexus":4,"Nokia":2,"Asus":1,"Honor":1},"percent":{"Google":5.1111111111,"Samsung":4.4444444444,"LG":2.6666666667,"Sony":1.0,"OnePlus":0.5555555556,"HTC":0.5555555556,"Huawei":0.4444444444,"Nexus":0.4444444444,"Nokia":0.2222222222,"Asus":0.1111111111,"Honor":0.1111111111}}