{"count":{"Google":82,"Samsung":24,"Nexus":14,"LG":13,"Xiaomi":2,"Asus":2,"ZTE":2,"BlackBerry":2,"Sony":2,"OnePlus":1,"Huawei":1,"BLU":1},"percent":{"Google":8.5327783559,"Samsung":2.4973985432,"Nexus":1.4568158169,"LG":1.3527575442,"Xiaomi":0.2081165453,"Asus":0.2081165453,"ZTE":0.2081165453,"BlackBerry":0.2081165453,"Sony":0.2081165453,"OnePlus":0.1040582726,"Huawei":0.1040582726,"BLU":0.1040582726}}