{"count":{"Google":262,"Samsung":132,"Nexus":123,"LG":49,"Sony":17,"HTC":14,"BlackBerry":9,"Huawei":9,"OnePlus":7,"Nokia":6,"Honor":6,"Asus":6,"BLU":1,"ZTE":1,"Xiaomi":1},"percent":{"Google":6.979222163,"Samsung":3.516249334,"Nexus":3.2765050613,"LG":1.305274374,"Sony":0.452850293,"HTC":0.3729355354,"BlackBerry":0.2397442728,"Huawei":0.2397442728,"OnePlus":0.1864677677,"Nokia":0.1598295152,"Honor":0.1598295152,"Asus":0.1598295152,"BLU":0.0266382525,"ZTE":0.0266382525,"Xiaomi":0.0266382525}}