{"count":{"Moto":2594,"Google":2131,"Samsung":1434,"Nexus":786,"HTC":328,"LG":319,"Sony":196,"BlackBerry":109,"Nokia":80,"Asus":42,"Huawei":42,"OnePlus":25,"Honor":18,"ZTE":8,"Razer":6,"Xiaomi":4,"BLU":2,"Nextbit":1},"percent":{"Moto":8.561338658,"Google":7.0332354203,"Samsung":4.7328294663,"Nexus":2.5941450213,"HTC":1.0825439783,"LG":1.0528400277,"Sony":0.6468860358,"BlackBerry":0.3597478465,"Nokia":0.2640351167,"Asus":0.1386184363,"Huawei":0.1386184363,"OnePlus":0.082510974,"Honor":0.0594079013,"ZTE":0.0264035117,"Razer":0.0198026338,"Xiaomi":0.0132017558,"BLU":0.0066008779,"Nextbit":0.003300439}}