{"count":{"Moto X":13,"Google Pixel 2":4,"Huawei Nexus 6P":4,"Google Pixel":4,"Moto Z":4,"Samsung Galaxy S7 Edge":3,"LG G5":3,"Google Pixel 2 XL":2,"Samsung Galaxy S8":1,"Samsung Galaxy Note 4":1,"Moto G":1,"Moto G4 Plus":1,"OnePlus 5":1,"HTC One":1},"percent":{"Moto X":5.3497942387,"Google Pixel 2":1.646090535,"Huawei Nexus 6P":1.646090535,"Google Pixel":1.646090535,"Moto Z":1.646090535,"Samsung Galaxy S7 Edge":1.2345679012,"LG G5":1.2345679012,"Google Pixel 2 XL":0.8230452675,"Samsung Galaxy S8":0.4115226337,"Samsung Galaxy Note 4":0.4115226337,"Moto G":0.4115226337,"Moto G4 Plus":0.4115226337,"OnePlus 5":0.4115226337,"HTC One":0.4115226337}}