{"count":{"Google":52,"Samsung":26,"LG":14,"Nexus":11,"Sony":4,"Asus":3,"Honor":3,"HTC":3,"Nokia":3,"OnePlus":3,"Huawei":2,"ZTE":1},"percent":{"Google":7.4605451937,"Samsung":3.7302725968,"LG":2.0086083214,"Nexus":1.5781922525,"Sony":0.5738880918,"Asus":0.4304160689,"Honor":0.4304160689,"HTC":0.4304160689,"Nokia":0.4304160689,"OnePlus":0.4304160689,"Huawei":0.2869440459,"ZTE":0.143472023}}