{"count":{"LG G5":322,"Moto G4 Plus":28,"Moto G":27,"Moto X":21,"Google Pixel":11,"Samsung Galaxy S7 Edge":10,"Samsung Galaxy S7":9,"Moto Z":9,"LG G4":7,"ZTE Axon 7":4,"Huawei Nexus 6P":3,"Samsung Galaxy S6":3,"Sony Xperia Z3 Compact":2,"OnePlus 3T":2,"LG G6":2,"Google Pixel 2 XL":2,"Google Nexus 5":2,"Moto G 2015":2,"Xiaomi Mi A1":2,"Google Pixel 2":1,"Google Pixel C":1,"Nextbit Robin":1,"Honor 7X":1,"Nokia 7 Plus":1,"Moto X Style":1,"Samsung Galaxy S8+":1,"Samsung Galaxy Note 4":1,"Moto E 2015":1},"percent":{"LG G5":27.6870163371,"Moto G4 Plus":2.407566638,"Moto G":2.3215821152,"Moto X":1.8056749785,"Google Pixel":0.9458297506,"Samsung Galaxy S7 Edge":0.8598452279,"Samsung Galaxy S7":0.7738607051,"Moto Z":0.7738607051,"LG G4":0.6018916595,"ZTE Axon 7":0.3439380911,"Huawei Nexus 6P":0.2579535684,"Samsung Galaxy S6":0.2579535684,"Sony Xperia Z3 Compact":0.1719690456,"OnePlus 3T":0.1719690456,"LG G6":0.1719690456,"Google Pixel 2 XL":0.1719690456,"Google Nexus 5":0.1719690456,"Moto G 2015":0.1719690456,"Xiaomi Mi A1":0.1719690456,"Google Pixel 2":0.0859845228,"Google Pixel C":0.0859845228,"Nextbit Robin":0.0859845228,"Honor 7X":0.0859845228,"Nokia 7 Plus":0.0859845228,"Moto X Style":0.0859845228,"Samsung Galaxy S8+":0.0859845228,"Samsung Galaxy Note 4":0.0859845228,"Moto E 2015":0.0859845228}}