{"count":{"Moto X":14,"Huawei Nexus 6P":8,"Moto G":4,"Asus Zenfone 5Z":1,"OnePlus One":1,"Samsung Galaxy S6":1},"percent":{"Moto X":5.7613168724,"Huawei Nexus 6P":3.29218107,"Moto G":1.646090535,"Asus Zenfone 5Z":0.4115226337,"OnePlus One":0.4115226337,"Samsung Galaxy S6":0.4115226337}}