{"count":{"Huawei Nexus 6P":7,"LG G5":4,"Google Nexus 5":3,"LG G4":2,"HTC 10":1,"OnePlus 3":1,"Samsung Galaxy S6":1,"Google Pixel":1,"OnePlus 2":1,"HTC One":1,"OnePlus One":1,"Moto X":1,"OnePlus X":1},"percent":{"Huawei Nexus 6P":3.0837004405,"LG G5":1.7621145374,"Google Nexus 5":1.3215859031,"LG G4":0.8810572687,"HTC 10":0.4405286344,"OnePlus 3":0.4405286344,"Samsung Galaxy S6":0.4405286344,"Google Pixel":0.4405286344,"OnePlus 2":0.4405286344,"HTC One":0.4405286344,"OnePlus One":0.4405286344,"Moto X":0.4405286344,"OnePlus X":0.4405286344}}