{"count":{"Nexus":21,"LG":19,"Google":13,"Huawei":8,"Samsung":4,"HTC":3,"OnePlus":3,"Razer":2,"Sony":1,"BlackBerry":1,"Moto":1},"percent":{"Nexus":9.2511013216,"LG":8.3700440529,"Google":5.7268722467,"Huawei":3.5242290749,"Samsung":1.7621145374,"HTC":1.3215859031,"OnePlus":1.3215859031,"Razer":0.8810572687,"Sony":0.4405286344,"BlackBerry":0.4405286344,"Moto":0.4405286344}}