{"count":{"Google":66,"Samsung":31,"LG":21,"Huawei":17,"Sony":9,"Nexus":8,"OnePlus":5,"HTC":3,"ZTE":2,"BlackBerry":2,"Xiaomi":1},"percent":{"Google":14.2548596112,"Samsung":6.6954643629,"LG":4.535637149,"Huawei":3.6717062635,"Sony":1.9438444924,"Nexus":1.7278617711,"OnePlus":1.0799136069,"HTC":0.6479481641,"ZTE":0.4319654428,"BlackBerry":0.4319654428,"Xiaomi":0.2159827214}}