{"count":{"Google":31,"Samsung":14,"LG":13,"Moto":8,"Nexus":4,"HTC":3,"Honor":1,"OnePlus":1,"Sony":1,"Huawei":1,"BlackBerry":1},"percent":{"Google":9.509202454,"Samsung":4.2944785276,"LG":3.9877300613,"Moto":2.4539877301,"Nexus":1.226993865,"HTC":0.9202453988,"Honor":0.3067484663,"OnePlus":0.3067484663,"Sony":0.3067484663,"Huawei":0.3067484663,"BlackBerry":0.3067484663}}