{"count":{"Google Pixel":3,"LG G5":2,"BLU VIVO 8L":1,"Moto Z":1,"Samsung Galaxy Note 4":1},"percent":{"Google Pixel":4.6153846154,"LG G5":3.0769230769,"BLU VIVO 8L":1.5384615385,"Moto Z":1.5384615385,"Samsung Galaxy Note 4":1.5384615385}}