{"count":{"Google":10,"Nexus":2,"LG":2,"Samsung":2,"Moto":2,"Xiaomi":1,"BLU":1},"percent":{"Google":15.3846153846,"Nexus":3.0769230769,"LG":3.0769230769,"Samsung":3.0769230769,"Moto":3.0769230769,"Xiaomi":1.5384615385,"BLU":1.5384615385}}