{"count":{"Google Pixel":26,"Google Pixel 2":10,"Samsung Galaxy S7":8,"LG G6":7,"Google Pixel 2 XL":5,"OnePlus 5":4,"Huawei Mate 10":3,"LG V20":3,"Huawei P10":2,"Samsung Galaxy S7 Edge":2,"Samsung Galaxy S8":2,"ZTE Axon 7":2,"Nokia 7 Plus":1,"Sony Xperia Z5":1,"Samsung Galaxy S8+":1},"percent":{"Google Pixel":5.6155507559,"Google Pixel 2":2.1598272138,"Samsung Galaxy S7":1.7278617711,"LG G6":1.5118790497,"Google Pixel 2 XL":1.0799136069,"OnePlus 5":0.8639308855,"Huawei Mate 10":0.6479481641,"LG V20":0.6479481641,"Huawei P10":0.4319654428,"Samsung Galaxy S7 Edge":0.4319654428,"Samsung Galaxy S8":0.4319654428,"ZTE Axon 7":0.4319654428,"Nokia 7 Plus":0.2159827214,"Sony Xperia Z5":0.2159827214,"Samsung Galaxy S8+":0.2159827214}}