{"count":{"Google Pixel":2,"LG G5":1,"Asus Zenfone 5Z":1},"percent":{"Google Pixel":4.1666666667,"LG G5":2.0833333333,"Asus Zenfone 5Z":2.0833333333}}