{"count":{"LG G5":8,"Samsung Galaxy S7 Edge":6,"Google Pixel":3,"HTC One":2,"Google Nexus 5":2,"Samsung Galaxy S7":2,"LG G6":1,"Samsung Galaxy Note 4":1},"percent":{"LG G5":2.4539877301,"Samsung Galaxy S7 Edge":1.8404907975,"Google Pixel":0.9202453988,"HTC One":0.6134969325,"Google Nexus 5":0.6134969325,"Samsung Galaxy S7":0.6134969325,"LG G6":0.3067484663,"Samsung Galaxy Note 4":0.3067484663}}