{"count":{"OnePlus 5":233,"OnePlus 5T":182,"Google Pixel":118,"OnePlus 3T":88,"LG G6":80,"Google Pixel 2 XL":46,"Samsung Galaxy S8+":41,"Samsung Galaxy S7":26,"Samsung Galaxy S8":21,"Samsung Galaxy S7 Edge":21,"Google Pixel 2":20,"OnePlus 3":19,"Nokia 7 Plus":16,"LG G5":16,"Huawei Nexus 6P":15,"ZTE Axon 7":13,"LG V20":12,"Moto Z":11,"OnePlus One":10,"HTC 10":9,"Huawei P10":9,"OnePlus 2":9,"Samsung Galaxy S6":8,"Google Nexus 5":7,"Asus Zenfone 5Z":5,"Samsung Galaxy Note 4":4,"Moto G":4,"HTC One":3,"Xiaomi Mi 5":3,"LG V10":3,"Razer Phone":2,"OnePlus X":2,"LG G4":1,"Honor View 10":1,"Sony Xperia Z5":1,"Samsung Galaxy S9":1,"Sony Xperia Z3 Compact":1},"percent":{"OnePlus 5":6.602436951,"OnePlus 5T":5.157268348,"Google Pixel":3.3437234344,"OnePlus 3T":2.4936242562,"LG G6":2.266931142,"Google Pixel 2 XL":1.3034854066,"Samsung Galaxy S8+":1.1618022103,"Samsung Galaxy S7":0.7367526211,"Samsung Galaxy S8":0.5950694248,"Samsung Galaxy S7 Edge":0.5950694248,"Google Pixel 2":0.5667327855,"OnePlus 3":0.5383961462,"Nokia 7 Plus":0.4533862284,"LG G5":0.4533862284,"Huawei Nexus 6P":0.4250495891,"ZTE Axon 7":0.3683763106,"LG V20":0.3400396713,"Moto Z":0.311703032,"OnePlus One":0.2833663927,"HTC 10":0.2550297535,"Huawei P10":0.2550297535,"OnePlus 2":0.2550297535,"Samsung Galaxy S6":0.2266931142,"Google Nexus 5":0.1983564749,"Asus Zenfone 5Z":0.1416831964,"Samsung Galaxy Note 4":0.1133465571,"Moto G":0.1133465571,"HTC One":0.0850099178,"Xiaomi Mi 5":0.0850099178,"LG V10":0.0850099178,"Razer Phone":0.0566732785,"OnePlus X":0.0566732785,"LG G4":0.0283366393,"Honor View 10":0.0283366393,"Sony Xperia Z5":0.0283366393,"Samsung Galaxy S9":0.0283366393,"Sony Xperia Z3 Compact":0.0283366393}}