{"count":{"Google":445,"Samsung":355,"Nexus":213,"Huawei":158,"Moto":98,"LG":89,"HTC":71,"ZTE":54,"BlackBerry":29,"Sony":21,"Nokia":20,"Honor":16,"Xiaomi":10,"Asus":7,"BLU":5,"Nextbit":4},"percent":{"Google":9.0318652324,"Samsung":7.2051958595,"Nexus":4.3231175157,"Huawei":3.2068195657,"Moto":1.9890399838,"LG":1.8063730465,"HTC":1.4410391719,"ZTE":1.0960016237,"BlackBerry":0.5885934646,"Sony":0.4262228537,"Nokia":0.4059265273,"Honor":0.3247412218,"Xiaomi":0.2029632636,"Asus":0.1420742846,"BLU":0.1014816318,"Nextbit":0.0811853055}}