{"count":{"OnePlus 3":404,"OnePlus 3T":397,"Google Pixel":169,"Huawei Nexus 6P":146,"Samsung Galaxy S7 Edge":137,"Samsung Galaxy S7":77,"HTC 10":48,"ZTE Axon 7":47,"Google Pixel 2 XL":42,"Moto X":38,"Samsung Galaxy S6":26,"Moto Z":25,"LG V20":24,"OnePlus 2":23,"Google Nexus 5":21,"OnePlus One":21,"Samsung Galaxy Note 4":18,"LG G5":11,"Nokia 7 Plus":10,"LG V10":9,"LG G4":8,"Moto G":7,"LG G6":6,"Sony Xperia Z3 Compact":5,"OnePlus X":5,"Google Pixel C":5,"HTC One":4,"Moto X Style":4,"Nextbit Robin":4,"OnePlus 5":3,"Asus Zenfone 5Z":2,"BLU VIVO 8L":2,"Sony Xperia Z5":2,"Moto G4 Plus":1,"Moto G 2015":1,"OnePlus 5T":1,"Samsung Galaxy S8":1},"percent":{"OnePlus 3":8.1997158514,"OnePlus 3T":8.0576415669,"Google Pixel":3.4300791557,"Huawei Nexus 6P":2.9632636493,"Samsung Galaxy S7 Edge":2.780596712,"Samsung Galaxy S7":1.5628171301,"HTC 10":0.9742236655,"ZTE Axon 7":0.9539273392,"Google Pixel 2 XL":0.8524457073,"Moto X":0.7712604019,"Samsung Galaxy S6":0.5277044855,"Moto Z":0.5074081591,"LG V20":0.4871118328,"OnePlus 2":0.4668155064,"Google Nexus 5":0.4262228537,"OnePlus One":0.4262228537,"Samsung Galaxy Note 4":0.3653338746,"LG G5":0.22325959,"Nokia 7 Plus":0.2029632636,"LG V10":0.1826669373,"LG G4":0.1623706109,"Moto G":0.1420742846,"LG G6":0.1217779582,"Sony Xperia Z3 Compact":0.1014816318,"OnePlus X":0.1014816318,"Google Pixel C":0.1014816318,"HTC One":0.0811853055,"Moto X Style":0.0811853055,"Nextbit Robin":0.0811853055,"OnePlus 5":0.0608889791,"Asus Zenfone 5Z":0.0405926527,"BLU VIVO 8L":0.0405926527,"Sony Xperia Z5":0.0405926527,"Moto G4 Plus":0.0202963264,"Moto G 2015":0.0202963264,"OnePlus 5T":0.0202963264,"Samsung Galaxy S8":0.0202963264}}