{"count":{"Google":257,"Samsung":237,"LG":124,"HTC":98,"Huawei":42,"Nexus":41,"Honor":37,"Moto":36,"Nokia":22,"ZTE":21,"BlackBerry":16,"Sony":13,"Xiaomi":7,"Asus":6,"Razer":3,"BLU":2,"Nextbit":1},"percent":{"Google":7.2825162936,"Samsung":6.7157835081,"LG":3.51374327,"HTC":2.7769906489,"Huawei":1.1901388495,"Nexus":1.1618022103,"Honor":1.0484556532,"Moto":1.0201190139,"Nokia":0.623406064,"ZTE":0.5950694248,"BlackBerry":0.4533862284,"Sony":0.3683763106,"Xiaomi":0.1983564749,"Asus":0.1700198356,"Razer":0.0850099178,"BLU":0.0566732785,"Nextbit":0.0283366393}}