{"count":{"Nexus":10,"LG":6,"Moto":6,"Google":4,"Huawei":4,"Asus":2,"Samsung":1,"Xiaomi":1,"BlackBerry":1},"percent":{"Nexus":7.299270073,"LG":4.3795620438,"Moto":4.3795620438,"Google":2.9197080292,"Huawei":2.9197080292,"Asus":1.4598540146,"Samsung":0.7299270073,"Xiaomi":0.7299270073,"BlackBerry":0.7299270073}}