{"count":{"Google Nexus 5":273,"Moto X":99,"Samsung Galaxy Note 4":50,"HTC One":44,"Moto G":23,"Samsung Galaxy S7 Edge":16,"Samsung Galaxy S6":15,"Sony Xperia Z3 Compact":9,"OnePlus 2":7,"Asus Zenfone 5Z":5,"Huawei Nexus 6P":4,"Google Pixel 2 XL":4,"OnePlus X":3,"LG G5":2,"Samsung Galaxy S7":2,"Nexus 9":1,"LG X screen":1,"OnePlus 3":1},"percent":{"Google Nexus 5":5.1277235162,"Moto X":1.8595041322,"Samsung Galaxy Note 4":0.9391435011,"HTC One":0.826446281,"Moto G":0.4320060105,"Samsung Galaxy S7 Edge":0.3005259204,"Samsung Galaxy S6":0.2817430503,"Sony Xperia Z3 Compact":0.1690458302,"OnePlus 2":0.1314800902,"Asus Zenfone 5Z":0.0939143501,"Huawei Nexus 6P":0.0751314801,"Google Pixel 2 XL":0.0751314801,"OnePlus X":0.0563486101,"LG G5":0.03756574,"Samsung Galaxy S7":0.03756574,"Nexus 9":0.01878287,"LG X screen":0.01878287,"OnePlus 3":0.01878287}}