{"count":{"Google":275,"Nexus":98,"LG":65,"Huawei":45,"HTC":39,"Moto":25,"Sony":17,"BlackBerry":17,"Nokia":15,"Asus":4,"ZTE":2,"OnePlus":2,"Xiaomi":1,"Maze":1,"BLU":1},"percent":{"Google":4.2113323124,"Nexus":1.5007656968,"LG":0.9954058193,"Huawei":0.6891271057,"HTC":0.5972434916,"Moto":0.382848392,"Sony":0.2603369066,"BlackBerry":0.2603369066,"Nokia":0.2297090352,"Asus":0.0612557427,"ZTE":0.0306278714,"OnePlus":0.0306278714,"Xiaomi":0.0153139357,"Maze":0.0153139357,"BLU":0.0153139357}}