{"count":{"Samsung Galaxy S7 Edge":1053,"Samsung Galaxy S6":1003,"Samsung Galaxy Note 4":168,"Samsung Galaxy S7":54,"Huawei Nexus 6P":43,"Moto X":18,"LG G4":16,"HTC One":14,"LG V10":11,"Google Nexus 5":9,"Google Pixel":4,"Sony Xperia Z3 Compact":3,"Sony Xperia Z5":3,"LG V20":3,"Google Pixel 2 XL":2,"Samsung Galaxy S8+":2,"Moto X Style":2,"Nexus 9":2,"LG G6":1,"Nokia 7 Plus":1,"OnePlus X":1,"LG G5":1,"Moto G":1},"percent":{"Samsung Galaxy S7 Edge":16.1255742726,"Samsung Galaxy S6":15.3598774885,"Samsung Galaxy Note 4":2.5727411945,"Samsung Galaxy S7":0.8269525268,"Huawei Nexus 6P":0.6584992343,"Moto X":0.2756508423,"LG G4":0.2450229709,"HTC One":0.2143950995,"LG V10":0.1684532925,"Google Nexus 5":0.1378254211,"Google Pixel":0.0612557427,"Sony Xperia Z3 Compact":0.045941807,"Sony Xperia Z5":0.045941807,"LG V20":0.045941807,"Google Pixel 2 XL":0.0306278714,"Samsung Galaxy S8+":0.0306278714,"Moto X Style":0.0306278714,"Nexus 9":0.0306278714,"LG G6":0.0153139357,"Nokia 7 Plus":0.0153139357,"OnePlus X":0.0153139357,"LG G5":0.0153139357,"Moto G":0.0153139357}}