{"count":{"Samsung Galaxy S8+":3189,"Samsung Galaxy S7 Edge":1336,"Samsung Galaxy S8":680,"Samsung Galaxy S7":600,"Google Pixel":594,"LG G6":455,"Samsung Galaxy S6":381,"Nokia 7 Plus":244,"LG V20":225,"Google Pixel 2 XL":202,"Samsung Galaxy S9":185,"Samsung Galaxy Note 4":180,"Huawei Nexus 6P":119,"Google Pixel 2":90,"LG V10":55,"LG G5":50,"Moto Z":46,"Samsung Galaxy S9+":44,"Moto X":28,"LG G4":25,"HTC One":23,"ZTE Axon 7":22,"OnePlus 3T":21,"HTC 10":18,"Google Nexus 5":16,"Sony Xperia Z3 Compact":16,"OnePlus 3":11,"OnePlus 5":11,"Huawei P10":8,"ZTE Blade V9":8,"Moto G4 Plus":5,"Nextbit Robin":5,"BLU VIVO 8L":5,"Moto E 2015":4,"Moto G":4,"Sony Xperia Z5":3,"Huawei Mate 10":3,"OnePlus 5T":2,"HTC Desire 825":2,"Asus Zenfone 5Z":2,"Huawei MediaPad M5":1,"OnePlus 2":1,"Samsung Galaxy S 5":1,"LG X screen":1,"LG V30S":1,"OnePlus One":1,"Moto X Style":1,"Razer Phone":1,"Google Pixel C":1},"percent":{"Samsung Galaxy S8+":7.4351262503,"Samsung Galaxy S7 Edge":3.114872584,"Samsung Galaxy S8":1.5854141895,"Samsung Galaxy S7":1.3988948731,"Google Pixel":1.3849059243,"LG G6":1.0608286121,"Samsung Galaxy S6":0.8882982444,"Nokia 7 Plus":0.568883915,"LG V20":0.5245855774,"Google Pixel 2 XL":0.4709612739,"Samsung Galaxy S9":0.4313259192,"Samsung Galaxy Note 4":0.4196684619,"Huawei Nexus 6P":0.2774474832,"Google Pixel 2":0.209834231,"LG V10":0.12823203,"LG G5":0.1165745728,"Moto Z":0.1072486069,"Samsung Galaxy S9+":0.102585624,"Moto X":0.0652817607,"LG G4":0.0582872864,"HTC One":0.0536243035,"ZTE Axon 7":0.051292812,"OnePlus 3T":0.0489613206,"HTC 10":0.0419668462,"Google Nexus 5":0.0373038633,"Sony Xperia Z3 Compact":0.0373038633,"OnePlus 3":0.025646406,"OnePlus 5":0.025646406,"Huawei P10":0.0186519316,"ZTE Blade V9":0.0186519316,"Moto G4 Plus":0.0116574573,"Nextbit Robin":0.0116574573,"BLU VIVO 8L":0.0116574573,"Moto E 2015":0.0093259658,"Moto G":0.0093259658,"Sony Xperia Z5":0.0069944744,"Huawei Mate 10":0.0069944744,"OnePlus 5T":0.0046629829,"HTC Desire 825":0.0046629829,"Asus Zenfone 5Z":0.0046629829,"Huawei MediaPad M5":0.0023314915,"OnePlus 2":0.0023314915,"Samsung Galaxy S 5":0.0023314915,"LG X screen":0.0023314915,"LG V30S":0.0023314915,"OnePlus One":0.0023314915,"Moto X Style":0.0023314915,"Razer Phone":0.0023314915,"Google Pixel C":0.0023314915}}