{"count":{"Samsung Galaxy S7 Edge":6971,"Google Pixel":6188,"Samsung Galaxy S6":311,"Samsung Galaxy Note 4":71,"Huawei Nexus 6P":41,"LG G5":33,"Moto X":26,"HTC One":25,"LG V20":23,"Google Pixel 2 XL":22,"HTC 10":22,"LG G4":18,"Sony Xperia Z3 Compact":15,"Google Nexus 5":12,"Samsung Galaxy S8+":11,"Nokia 7 Plus":10,"Samsung Galaxy S8":9,"LG V10":9,"Moto Z":9,"LG G6":8,"Moto G":7,"Sony Xperia Z5":7,"Samsung Galaxy S9":6,"ZTE Axon 7":4,"Asus Zenfone 5Z":4,"OnePlus 3":4,"Moto G4 Plus":3,"Google Pixel 2":3,"OnePlus 2":2,"Honor 7X":1,"OnePlus 3T":1,"ZTE Blade V9":1,"Xiaomi Mi A1":1,"Huawei MediaPad M5":1,"LG X screen":1,"BLU VIVO 8L":1,"Moto E 2015":1},"percent":{"Samsung Galaxy S7 Edge":27.0382437359,"Google Pixel":24.001241176,"Samsung Galaxy S6":1.2062679389,"Samsung Galaxy Note 4":0.2753859282,"Huawei Nexus 6P":0.1590256768,"LG G5":0.1279962765,"Moto X":0.1008455512,"HTC One":0.0969668761,"LG V20":0.089209526,"Google Pixel 2 XL":0.085330851,"HTC 10":0.085330851,"LG G4":0.0698161508,"Sony Xperia Z3 Compact":0.0581801257,"Google Nexus 5":0.0465441005,"Samsung Galaxy S8+":0.0426654255,"Nokia 7 Plus":0.0387867504,"Samsung Galaxy S8":0.0349080754,"LG V10":0.0349080754,"Moto Z":0.0349080754,"LG G6":0.0310294004,"Moto G":0.0271507253,"Sony Xperia Z5":0.0271507253,"Samsung Galaxy S9":0.0232720503,"ZTE Axon 7":0.0155147002,"Asus Zenfone 5Z":0.0155147002,"OnePlus 3":0.0155147002,"Moto G4 Plus":0.0116360251,"Google Pixel 2":0.0116360251,"OnePlus 2":0.0077573501,"Honor 7X":0.003878675,"OnePlus 3T":0.003878675,"ZTE Blade V9":0.003878675,"Xiaomi Mi A1":0.003878675,"Huawei MediaPad M5":0.003878675,"LG X screen":0.003878675,"BLU VIVO 8L":0.003878675,"Moto E 2015":0.003878675}}