{"count":{"Samsung Galaxy S7 Edge":2050,"Samsung Galaxy S7":750,"Samsung Galaxy S6":213,"Samsung Galaxy Note 4":136,"Google Pixel":64,"Samsung Galaxy S8+":61,"Huawei Nexus 6P":47,"Google Pixel 2 XL":23,"LG G4":15,"HTC 10":13,"Samsung Galaxy S9":13,"LG V10":11,"LG V20":11,"LG G5":10,"HTC One":9,"Moto Z":9,"Moto X":8,"ZTE Blade V9":8,"Google Pixel 2":8,"Samsung Galaxy S8":8,"ZTE Axon 7":7,"Google Nexus 5":7,"Sony Xperia Z3 Compact":5,"Nokia 7 Plus":4,"Samsung Galaxy S9+":4,"Google Pixel C":4,"Nexus 9":4,"OnePlus 5":3,"LG G6":3,"Moto G":2,"OnePlus 2":2,"OnePlus 3":2,"Asus Zenfone 5Z":1,"Xiaomi Mi A1":1,"Sony Xperia Z5":1,"Moto X Style":1,"OnePlus 5T":1,"Huawei Mate 10":1,"Huawei P10":1,"BLU VIVO 8L":1},"percent":{"Samsung Galaxy S7 Edge":12.1835254963,"Samsung Galaxy S7":4.4573873767,"Samsung Galaxy S6":1.265898015,"Samsung Galaxy Note 4":0.808272911,"Google Pixel":0.3803637228,"Samsung Galaxy S8+":0.3625341733,"Huawei Nexus 6P":0.2793296089,"Google Pixel 2 XL":0.1366932129,"LG G4":0.0891477475,"HTC 10":0.0772613812,"Samsung Galaxy S9":0.0772613812,"LG V10":0.0653750149,"LG V20":0.0653750149,"LG G5":0.0594318317,"HTC One":0.0534886485,"Moto Z":0.0534886485,"Moto X":0.0475454654,"ZTE Blade V9":0.0475454654,"Google Pixel 2":0.0475454654,"Samsung Galaxy S8":0.0475454654,"ZTE Axon 7":0.0416022822,"Google Nexus 5":0.0416022822,"Sony Xperia Z3 Compact":0.0297159158,"Nokia 7 Plus":0.0237727327,"Samsung Galaxy S9+":0.0237727327,"Google Pixel C":0.0237727327,"Nexus 9":0.0237727327,"OnePlus 5":0.0178295495,"LG G6":0.0178295495,"Moto G":0.0118863663,"OnePlus 2":0.0118863663,"OnePlus 3":0.0118863663,"Asus Zenfone 5Z":0.0059431832,"Xiaomi Mi A1":0.0059431832,"Sony Xperia Z5":0.0059431832,"Moto X Style":0.0059431832,"OnePlus 5T":0.0059431832,"Huawei Mate 10":0.0059431832,"Huawei P10":0.0059431832,"BLU VIVO 8L":0.0059431832}}