{"count":{"Samsung Galaxy S7 Edge":4802,"Samsung Galaxy S6":4358,"Samsung Galaxy Note 4":249,"Samsung Galaxy S7":104,"Moto X":64,"HTC One":63,"Google Nexus 5":57,"Sony Xperia Z3 Compact":45,"LG G4":37,"Google Pixel":24,"Huawei Nexus 6P":21,"OnePlus One":15,"LG V10":13,"Moto G":10,"Asus Zenfone 5Z":8,"LG G5":7,"LG G6":5,"Google Pixel 2 XL":4,"Nexus 9":4,"HTC 10":3,"Huawei Mate 8":2,"Nextbit Robin":2,"Moto X Style":2,"Samsung Galaxy S8":2,"ZTE Blade V9":1,"Samsung Galaxy S8+":1,"HTC Desire 825":1,"Sony Xperia Z5":1,"Samsung Galaxy S9":1,"LG V20":1,"Moto E 2015":1},"percent":{"Samsung Galaxy S7 Edge":25.8603048091,"Samsung Galaxy S6":23.4692228984,"Samsung Galaxy Note 4":1.3409445851,"Samsung Galaxy S7":0.5600732403,"Moto X":0.3446604556,"HTC One":0.339275136,"Google Nexus 5":0.3069632183,"Sony Xperia Z3 Compact":0.2423393828,"LG G4":0.1992568259,"Google Pixel":0.1292476708,"Huawei Nexus 6P":0.113091712,"OnePlus One":0.0807797943,"LG V10":0.070009155,"Moto G":0.0538531962,"Asus Zenfone 5Z":0.0430825569,"LG G5":0.0376972373,"LG G6":0.0269265981,"Google Pixel 2 XL":0.0215412785,"Nexus 9":0.0215412785,"HTC 10":0.0161559589,"Huawei Mate 8":0.0107706392,"Nextbit Robin":0.0107706392,"Moto X Style":0.0107706392,"Samsung Galaxy S8":0.0107706392,"ZTE Blade V9":0.0053853196,"Samsung Galaxy S8+":0.0053853196,"HTC Desire 825":0.0053853196,"Sony Xperia Z5":0.0053853196,"Samsung Galaxy S9":0.0053853196,"LG V20":0.0053853196,"Moto E 2015":0.0053853196}}