{"count":{"Google":2011,"LG":491,"Nexus":458,"Moto":173,"HTC":172,"Huawei":126,"BlackBerry":121,"Asus":117,"Nokia":64,"Sony":55,"OnePlus":32,"ZTE":20,"Honor":15,"BLU":10,"Xiaomi":5,"Maze":2,"Nextbit":1},"percent":{"Google":5.6975294651,"LG":1.3910924751,"Nexus":1.2975974615,"Moto":0.4901405258,"HTC":0.4873073436,"Huawei":0.356980961,"BlackBerry":0.3428150499,"Asus":0.3314823209,"Nokia":0.1813236627,"Sony":0.1558250227,"OnePlus":0.0906618314,"ZTE":0.0566636446,"Honor":0.0424977335,"BLU":0.0283318223,"Xiaomi":0.0141659112,"Maze":0.0056663645,"Nextbit":0.0028331822}}