{"count":{"Google":941,"Nexus":183,"HTC":174,"LG":138,"Moto":99,"Sony":69,"BlackBerry":47,"Nokia":35,"Huawei":28,"OnePlus":18,"Asus":12,"Honor":7,"Nextbit":2,"ZTE":2,"Razer":2,"Maze":1,"Elephone":1},"percent":{"Google":5.0675857612,"Nexus":0.9855134902,"HTC":0.9370456137,"LG":0.7431741074,"Moto":0.5331466423,"Sony":0.3715870537,"BlackBerry":0.2531100221,"Nokia":0.1884861867,"Huawei":0.1507889493,"OnePlus":0.0969357531,"Asus":0.0646238354,"Honor":0.0376972373,"Nextbit":0.0107706392,"ZTE":0.0107706392,"Razer":0.0107706392,"Maze":0.0053853196,"Elephone":0.0053853196}}