{"count":{"Google":196,"Nexus":78,"LG":33,"Huawei":21,"Sony":17,"Moto":16,"HTC":15,"Nokia":8,"BlackBerry":8,"OnePlus":6,"Asus":4,"ZTE":2,"BLU":1,"Honor":1},"percent":{"Google":4.781654062,"Nexus":1.9029031471,"LG":0.8050744084,"Huawei":0.5123200781,"Sony":0.4147353013,"Moto":0.3903391071,"HTC":0.3659429129,"Nokia":0.1951695535,"BlackBerry":0.1951695535,"OnePlus":0.1463771652,"Asus":0.0975847768,"ZTE":0.0487923884,"BLU":0.0243961942,"Honor":0.0243961942}}