{"count":{"Google":4554,"Nexus":1127,"HTC":818,"LG":699,"Moto":510,"Sony":477,"BlackBerry":118,"Asus":112,"Huawei":92,"Nokia":80,"OnePlus":56,"Honor":23,"Xiaomi":23,"ZTE":12,"BLU":10,"Nextbit":1,"Maze":1},"percent":{"Google":6.5327786544,"Nexus":1.6166977478,"HTC":1.173432793,"LG":1.0027255774,"Moto":0.7316023526,"Sony":0.6842633768,"BlackBerry":0.1692727012,"Asus":0.1606656147,"Huawei":0.1319753264,"Nokia":0.1147611533,"OnePlus":0.0803328073,"Honor":0.0329938316,"Xiaomi":0.0329938316,"ZTE":0.017214173,"BLU":0.0143451442,"Nextbit":0.0014345144,"Maze":0.0014345144}}