{"count":{"Google":8244,"Nexus":6871,"BlackBerry":854,"LG":147,"HTC":106,"Moto":68,"Huawei":50,"Sony":44,"Nokia":25,"Asus":13,"Honor":10,"OnePlus":6,"ZTE":6,"Xiaomi":4,"BLU":2,"Razer":1},"percent":{"Google":31.9757970677,"Nexus":26.6503762315,"BlackBerry":3.3123884881,"LG":0.5701652316,"HTC":0.4111395547,"Moto":0.263749903,"Huawei":0.1939337522,"Sony":0.170661702,"Nokia":0.0969668761,"Asus":0.0504227756,"Honor":0.0387867504,"OnePlus":0.0232720503,"ZTE":0.0232720503,"Xiaomi":0.0155147002,"BLU":0.0077573501,"Razer":0.003878675}}