{"count":{"Sony Xperia Z3 Compact":8,"Sony Xperia X Performance":5,"Sony Xperia Z5":3,"BlackBerry Motion":1,"LG G5":1,"Moto X":1,"Huawei Nexus 6P":1,"ZTE Axon 7":1,"Samsung Galaxy S7 Edge":1,"Moto G":1},"percent":{"Sony Xperia Z3 Compact":8.6021505376,"Sony Xperia X Performance":5.376344086,"Sony Xperia Z5":3.2258064516,"BlackBerry Motion":1.0752688172,"LG G5":1.0752688172,"Moto X":1.0752688172,"Huawei Nexus 6P":1.0752688172,"ZTE Axon 7":1.0752688172,"Samsung Galaxy S7 Edge":1.0752688172,"Moto G":1.0752688172}}