{"count":{"Sony Xperia Z3 Compact":2,"Google Pixel 2":1,"Sony Xperia XZs":1,"LG G6":1,"Samsung Galaxy S8+":1},"percent":{"Sony Xperia Z3 Compact":13.3333333333,"Google Pixel 2":6.6666666667,"Sony Xperia XZs":6.6666666667,"LG G6":6.6666666667,"Samsung Galaxy S8+":6.6666666667}}