{"count":{"HTC":26,"Google":19,"Samsung":17,"LG":7,"Nokia":6,"Huawei":6,"ZTE":3,"OnePlus":3,"Honor":3,"Nexus":3,"Asus":1,"Moto":1,"BlackBerry":1},"percent":{"HTC":9.2857142857,"Google":6.7857142857,"Samsung":6.0714285714,"LG":2.5,"Nokia":2.1428571429,"Huawei":2.1428571429,"ZTE":1.0714285714,"OnePlus":1.0714285714,"Honor":1.0714285714,"Nexus":1.0714285714,"Asus":0.3571428571,"Moto":0.3571428571,"BlackBerry":0.3571428571}}