{"count":{"Samsung":15,"Google":12,"Moto":7,"HTC":5,"Honor":4,"Huawei":4,"Nexus":4,"LG":3,"Nokia":2,"ZTE":1},"percent":{"Samsung":5.4151624549,"Google":4.3321299639,"Moto":2.5270758123,"HTC":1.8050541516,"Honor":1.4440433213,"Huawei":1.4440433213,"Nexus":1.4440433213,"LG":1.083032491,"Nokia":0.7220216606,"ZTE":0.3610108303}}