{"count":{"Google":1,"LG":1,"Samsung":1},"percent":{"Google":6.6666666667,"LG":6.6666666667,"Samsung":6.6666666667}}