{"count":{"Sony Xperia Z5":247,"Sony Xperia Z3 Compact":156,"Huawei Nexus 6P":29,"Samsung Galaxy S6":21,"Google Nexus 5":16,"Moto X":12,"HTC One":5,"Samsung Galaxy Note 4":5,"Samsung Galaxy S7":4,"Moto G":3,"Asus Zenfone 5Z":3,"Samsung Galaxy S7 Edge":3,"Google Pixel":2,"OnePlus One":2,"LG G4":2,"Moto X Style":2,"Google Pixel 2 XL":1,"Sony Xperia XA":1,"LG G5":1},"percent":{"Sony Xperia Z5":26.7895878525,"Sony Xperia Z3 Compact":16.9197396963,"Huawei Nexus 6P":3.1453362256,"Samsung Galaxy S6":2.2776572668,"Google Nexus 5":1.7353579176,"Moto X":1.3015184382,"HTC One":0.5422993492,"Samsung Galaxy Note 4":0.5422993492,"Samsung Galaxy S7":0.4338394794,"Moto G":0.3253796095,"Asus Zenfone 5Z":0.3253796095,"Samsung Galaxy S7 Edge":0.3253796095,"Google Pixel":0.2169197397,"OnePlus One":0.2169197397,"LG G4":0.2169197397,"Moto X Style":0.2169197397,"Google Pixel 2 XL":0.1084598698,"Sony Xperia XA":0.1084598698,"LG G5":0.1084598698}}