{"count":{"Sony Xperia Z3 Compact":19,"Sony Xperia XZs":15,"Sony Xperia Z5":7,"Huawei Nexus 6P":5,"Google Pixel":4,"Sony Xperia X Performance":4,"LG G6":4,"Samsung Galaxy S7 Edge":4,"Nokia 7 Plus":4,"ZTE Axon 7":3,"Google Pixel 2":3,"Google Pixel 2 XL":3,"Samsung Galaxy S7":2,"Samsung Galaxy S8":2,"OnePlus 3T":2,"LG V20":2,"OnePlus 5":1,"HTC 10":1,"Google Nexus 5":1,"Asus Zenfone 5Z":1,"Samsung Galaxy S8+":1,"Moto E 2015":1,"Sony Xperia XA":1},"percent":{"Sony Xperia Z3 Compact":6.7857142857,"Sony Xperia XZs":5.3571428571,"Sony Xperia Z5":2.5,"Huawei Nexus 6P":1.7857142857,"Google Pixel":1.4285714286,"Sony Xperia X Performance":1.4285714286,"LG G6":1.4285714286,"Samsung Galaxy S7 Edge":1.4285714286,"Nokia 7 Plus":1.4285714286,"ZTE Axon 7":1.0714285714,"Google Pixel 2":1.0714285714,"Google Pixel 2 XL":1.0714285714,"Samsung Galaxy S7":0.7142857143,"Samsung Galaxy S8":0.7142857143,"OnePlus 3T":0.7142857143,"LG V20":0.7142857143,"OnePlus 5":0.3571428571,"HTC 10":0.3571428571,"Google Nexus 5":0.3571428571,"Asus Zenfone 5Z":0.3571428571,"Samsung Galaxy S8+":0.3571428571,"Moto E 2015":0.3571428571,"Sony Xperia XA":0.3571428571}}