{"count":{"Samsung":27,"Google":10,"LG":5,"HTC":5,"Asus":2,"Nexus":2,"Moto":2,"Huawei":1,"BlackBerry":1},"percent":{"Samsung":8.3333333333,"Google":3.0864197531,"LG":1.5432098765,"HTC":1.5432098765,"Asus":0.6172839506,"Nexus":0.6172839506,"Moto":0.6172839506,"Huawei":0.3086419753,"BlackBerry":0.3086419753}}