{"count":{"Samsung":3,"HTC":1,"Xiaomi":1},"percent":{"Samsung":14.2857142857,"HTC":4.7619047619,"Xiaomi":4.7619047619}}