{"count":{"Google Pixel":4,"Google Pixel 2 XL":3,"Samsung Galaxy S7 Edge":2,"Sony Xperia XZs":2,"OnePlus 5T":1,"Samsung Galaxy S8+":1,"Huawei Nexus 6P":1,"Sony Xperia Z5":1,"Samsung Galaxy S7":1,"LG G4":1,"OnePlus 5":1,"HTC 10":1,"Sony Xperia Z3 Compact":1,"LG G6":1,"Sony Xperia X Performance":1},"percent":{"Google Pixel":2.8169014085,"Google Pixel 2 XL":2.1126760563,"Samsung Galaxy S7 Edge":1.4084507042,"Sony Xperia XZs":1.4084507042,"OnePlus 5T":0.7042253521,"Samsung Galaxy S8+":0.7042253521,"Huawei Nexus 6P":0.7042253521,"Sony Xperia Z5":0.7042253521,"Samsung Galaxy S7":0.7042253521,"LG G4":0.7042253521,"OnePlus 5":0.7042253521,"HTC 10":0.7042253521,"Sony Xperia Z3 Compact":0.7042253521,"LG G6":0.7042253521,"Sony Xperia X Performance":0.7042253521}}