{"count":{"Sony Xperia Z3 Compact":78,"Google Pixel 2":19,"Google Pixel":18,"Sony Xperia Z5":4,"Google Pixel 2 XL":3,"Nokia 7 Plus":2,"Samsung Galaxy S7":2,"OnePlus 5":1,"Nextbit Robin":1,"LG V20":1},"percent":{"Sony Xperia Z3 Compact":26.0869565217,"Google Pixel 2":6.3545150502,"Google Pixel":6.0200668896,"Sony Xperia Z5":1.3377926421,"Google Pixel 2 XL":1.0033444816,"Nokia 7 Plus":0.6688963211,"Samsung Galaxy S7":0.6688963211,"OnePlus 5":0.3344481605,"Nextbit Robin":0.3344481605,"LG V20":0.3344481605}}