{"count":{"HTC":19,"Google":11,"Samsung":11,"LG":6,"Nokia":3,"OnePlus":2,"Huawei":2,"Honor":1,"BlackBerry":1,"Nexus":1},"percent":{"HTC":13.3802816901,"Google":7.7464788732,"Samsung":7.7464788732,"LG":4.2253521127,"Nokia":2.1126760563,"OnePlus":1.4084507042,"Huawei":1.4084507042,"Honor":0.7042253521,"BlackBerry":0.7042253521,"Nexus":0.7042253521}}