{"count":{"Google":44,"Samsung":7,"Nokia":4,"LG":3,"OnePlus":2,"BlackBerry":2,"Nextbit":1,"Nexus":1},"percent":{"Google":14.7157190635,"Samsung":2.3411371237,"Nokia":1.3377926421,"LG":1.0033444816,"OnePlus":0.6688963211,"BlackBerry":0.6688963211,"Nextbit":0.3344481605,"Nexus":0.3344481605}}