{"count":{"Google":35,"Samsung":25,"Nexus":11,"LG":8,"HTC":4,"Huawei":4,"Moto":3,"ZTE":3,"Nokia":2,"Elephone":2,"BlackBerry":2,"Sony":2,"OnePlus":2,"Asus":1,"BLU":1,"Nextbit":1},"percent":{"Google":9.5108695652,"Samsung":6.7934782609,"Nexus":2.9891304348,"LG":2.1739130435,"HTC":1.0869565217,"Huawei":1.0869565217,"Moto":0.8152173913,"ZTE":0.8152173913,"Nokia":0.5434782609,"Elephone":0.5434782609,"BlackBerry":0.5434782609,"Sony":0.5434782609,"OnePlus":0.5434782609,"Asus":0.2717391304,"BLU":0.2717391304,"Nextbit":0.2717391304}}