{"count":{"Samsung":5,"OnePlus":4,"Asus":1,"Google":1},"percent":{"Samsung":16.6666666667,"OnePlus":13.3333333333,"Asus":3.3333333333,"Google":3.3333333333}}