{"count":{"OnePlus 5T":4,"Samsung Galaxy S7 Edge":2,"Samsung Galaxy S8+":2,"Asus Zenfone 5Z":1,"ZTE Axon 7":1,"Google Pixel 2 XL":1},"percent":{"OnePlus 5T":13.3333333333,"Samsung Galaxy S7 Edge":6.6666666667,"Samsung Galaxy S8+":6.6666666667,"Asus Zenfone 5Z":3.3333333333,"ZTE Axon 7":3.3333333333,"Google Pixel 2 XL":3.3333333333}}