,sentiment,occurences,sentimentsSummary,sentimentEdges,score
default installation,"[-0.06000000000000001, -0.06000000000000001]",2,[-0.06 -0.06 -0.06],-0.06000000000000001,0.7186288796480079
