,sentiment,occurences,sentimentsSummary,sentimentEdges,score
battery life,"[0.534375, 0.0]",2,[0.1336 0.2672 0.4008],0.40078125000000003,0.6625813755464813
