,sentiment,occurences,sentimentsSummary,sentimentEdges,score
same price,"[0.33125, 0.35]",2,[0.3359 0.3406 0.3453],0.34531249999999997,0.9050199425674269
