,sentiment,occurences,sentimentsSummary,sentimentEdges,score
raw output,"[-0.008974358974358975, -0.14038461538461539]",2,[-0.1075 -0.0747 -0.0418],-0.10753205128205129,0.7704931570443864
