,sentiment,occurences,sentimentsSummary,sentimentEdges,score
red case,"[0.11111111111111112, 0.29855769230769236]",2,[0.158  0.2048 0.2517],0.25169604700854703,0.9028721775389742
