{"categories": [{"num_posts": 163, "sentiments": [0.0, 0.11833333333333333, 0.39249999999999996], "competitor_brands": {"BlackBerry": 2, "Samsung": 3}, "competitor_models": {}}]}