{"categories": [{"num_posts": 108, "sentiments": [0.0, 0.00014880952380953252, 0.30059523809523814], "competitor_brands": {"Nokia": 7, "Samsung": 3, "Moto": 2}, "competitor_models": {}}]}