{"categories": [{"num_posts": 6, "sentiments": [-0.14375, -0.02361111111111111, 0.04444444444444445], "competitor_brands": {"Xiaomi": 2}, "competitor_models": {"Xiaomi Mi A1": 2}}]}