{"categories": [{"num_posts": 30, "sentiments": [-0.12666666666666665, 5.551115123125783e-17, 0.33906249999999993], "competitor_brands": {"Honor": 1, "Huawei": 1}, "competitor_models": {}}]}