{"categories": [{"num_posts": 1, "sentiments": [0.9099999999999999, 0.9099999999999999, 0.9099999999999999], "competitor_brands": {}, "competitor_models": {}}]}