{"categories": [{"num_posts": 22, "sentiments": [0.0, 0.13484848484848483, 0.35000992063492065], "competitor_brands": {}, "competitor_models": {}}]}