{"categories": [{"num_posts": 10, "sentiments": [-0.24999999999999997, 0.0, 0.18291666666666667], "competitor_brands": {}, "competitor_models": {}}]}