{"categories": [{"num_posts": 2, "sentiments": [0.0365530303030303, 0.05643939393939394, 0.07632575757575759], "competitor_brands": {}, "competitor_models": {}}]}