{"categories": [{"num_posts": 22, "sentiments": [0.0, 0.11209077380952381, 0.33749999999999997], "competitor_brands": {"Samsung": 2}, "competitor_models": {}}]}