{"categories": [{"num_posts": 5, "sentiments": [0.5, 0.6486666666666666, 0.6486666666666666], "competitor_brands": {}, "competitor_models": {}}]}