{"count":{"BlackBerry Priv":7,"BlackBerry Keyone":5,"BlackBerry Passport":3,"BlackBerry Z30":2,"Xiaomi Mi A1":2,"BlackBerry DTEK60":2,"Plum Ram 4":1,"Apple iPhone 6 Plus":1,"Oppo F1":1,"Apple iPhone 8 Plus":1,"Sony Xperia XZs":1,"Oppo A53":1,"Sony Xperia XZ":1,"Apple iPhone X":1,"HTC U11 Life":1,"Xiaomi Redmi Note 5":1,"BlackBerry Classic":1,"BlackBerry DTEK50":1,"Xiaomi Redmi Note 5 Pro":1,"Google Pixel":1},"percent":{"BlackBerry Priv":3.5897435897,"BlackBerry Keyone":2.5641025641,"BlackBerry Passport":1.5384615385,"BlackBerry Z30":1.0256410256,"Xiaomi Mi A1":1.0256410256,"BlackBerry DTEK60":1.0256410256,"Plum Ram 4":0.5128205128,"Apple iPhone 6 Plus":0.5128205128,"Oppo F1":0.5128205128,"Apple iPhone 8 Plus":0.5128205128,"Sony Xperia XZs":0.5128205128,"Oppo A53":0.5128205128,"Sony Xperia XZ":0.5128205128,"Apple iPhone X":0.5128205128,"HTC U11 Life":0.5128205128,"Xiaomi Redmi Note 5":0.5128205128,"BlackBerry Classic":0.5128205128,"BlackBerry DTEK50":0.5128205128,"Xiaomi Redmi Note 5 Pro":0.5128205128,"Google Pixel":0.5128205128}}