{"categories": [{"num_posts": 2, "sentiments": [0.25625, 0.2652777777777777, 0.2743055555555555], "competitor_brands": {"Xiaomi": 1}, "competitor_models": {}}]}