{"categories": [{"num_posts": 6, "sentiments": [2.7755575615628915e-18, 0.10873015873015872, 0.24186507936507937], "competitor_brands": {}, "competitor_models": {}}]}