{"categories": [{"num_posts": 12, "sentiments": [0.025105769230769234, 0.12027738320707071, 0.42500000000000004], "competitor_brands": {"Sony": 1, "LG": 1}, "competitor_models": {"Sony Xperia Z3 Compact": 1, "Samsung Galaxy S6": 1}}]}