{"count":{"Google Pixel XL":30,"Apple iPhone 7":20,"Samsung Galaxy S7 edge":10,"LG Nexus 5X":10,"Google Pixel 2":9,"Apple iPhone 6s":8,"HTC 10":7,"OnePlus 3":7,"Sony Xperia XZ":6,"Samsung Galaxy S7":6,"LG V20":6,"Xiaomi Redmi Note 4":5,"Motorola Moto Z Play":4,"Samsung Galaxy Note7":4,"Apple iPhone 7 Plus":3,"LG G5":3,"Huawei Honor 8 Pro":3,"OnePlus 5":3,"Motorola Moto Z":3,"Xiaomi Mi Note 3":3,"Microsoft Lumia 950":3,"Apple iPhone SE":3,"Motorola Moto X":2,"Samsung Galaxy J7 Prime":2,"OnePlus 5T":2,"Samsung Galaxy S8":2,"LG G6":2,"Huawei P10":2,"Motorola Nexus 6":2,"Apple iPhone 8":2,"HTC One A9s":1,"Xiaomi Redmi 3s Prime":1,"Xiaomi Redmi Note 3":1,"OnePlus X":1,"Xiaomi Mi 5s Plus":1,"Xiaomi Mi 5":1,"BLU Advance 4.0 L3":1,"Apple iPhone 6":1,"LG V10":1,"Xiaomi Mi 5s":1,"HTC One A9":1,"Apple iPhone 6 Plus":1,"OnePlus One":1,"Maxwest Nitro Phablet 71":1,"vivo X7":1,"Micromax Canvas Fire 6 Q428":1,"Motorola Moto Z Force":1,"Motorola Moto E3 Power":1,"Motorola DROID Turbo":1,"Huawei Mate 9":1,"Apple iPhone 5s":1,"verykool SL5565 Rocket":1,"Lenovo K6 Power":1,"Motorola Moto X Play":1,"Apple iPhone X":1,"Samsung Galaxy J Max":1,"Nokia 8":1,"OnePlus 3T":1,"Sony Xperia X Compact":1},"percent":{"Google Pixel XL":3.640776699,"Apple iPhone 7":2.427184466,"Samsung Galaxy S7 edge":1.213592233,"LG Nexus 5X":1.213592233,"Google Pixel 2":1.0922330097,"Apple iPhone 6s":0.9708737864,"HTC 10":0.8495145631,"OnePlus 3":0.8495145631,"Sony Xperia XZ":0.7281553398,"Samsung Galaxy S7":0.7281553398,"LG V20":0.7281553398,"Xiaomi Redmi Note 4":0.6067961165,"Motorola Moto Z Play":0.4854368932,"Samsung Galaxy Note7":0.4854368932,"Apple iPhone 7 Plus":0.3640776699,"LG G5":0.3640776699,"Huawei Honor 8 Pro":0.3640776699,"OnePlus 5":0.3640776699,"Motorola Moto Z":0.3640776699,"Xiaomi Mi Note 3":0.3640776699,"Microsoft Lumia 950":0.3640776699,"Apple iPhone SE":0.3640776699,"Motorola Moto X":0.2427184466,"Samsung Galaxy J7 Prime":0.2427184466,"OnePlus 5T":0.2427184466,"Samsung Galaxy S8":0.2427184466,"LG G6":0.2427184466,"Huawei P10":0.2427184466,"Motorola Nexus 6":0.2427184466,"Apple iPhone 8":0.2427184466,"HTC One A9s":0.1213592233,"Xiaomi Redmi 3s Prime":0.1213592233,"Xiaomi Redmi Note 3":0.1213592233,"OnePlus X":0.1213592233,"Xiaomi Mi 5s Plus":0.1213592233,"Xiaomi Mi 5":0.1213592233,"BLU Advance 4.0 L3":0.1213592233,"Apple iPhone 6":0.1213592233,"LG V10":0.1213592233,"Xiaomi Mi 5s":0.1213592233,"HTC One A9":0.1213592233,"Apple iPhone 6 Plus":0.1213592233,"OnePlus One":0.1213592233,"Maxwest Nitro Phablet 71":0.1213592233,"vivo X7":0.1213592233,"Micromax Canvas Fire 6 Q428":0.1213592233,"Motorola Moto Z Force":0.1213592233,"Motorola Moto E3 Power":0.1213592233,"Motorola DROID Turbo":0.1213592233,"Huawei Mate 9":0.1213592233,"Apple iPhone 5s":0.1213592233,"verykool SL5565 Rocket":0.1213592233,"Lenovo K6 Power":0.1213592233,"Motorola Moto X Play":0.1213592233,"Apple iPhone X":0.1213592233,"Samsung Galaxy J Max":0.1213592233,"Nokia 8":0.1213592233,"OnePlus 3T":0.1213592233,"Sony Xperia X Compact":0.1213592233}}