{"count":{"Google Pixel":34,"Apple iPhone 8":7,"Samsung Galaxy S8":6,"Google Pixel 2 XL":6,"BLU Advance 4.0 L3":5,"Google Pixel XL":5,"Apple iPhone X":5,"HTC U11":4,"OnePlus 5":4,"Apple iPhone 6":4,"Apple iPhone 7":3,"Nokia 8":3,"Sony Xperia XZ1":3,"LG V20":2,"LG G6":2,"Motorola Moto X":2,"Samsung Galaxy S8+":2,"Apple iPhone 5c":2,"LG V30":2,"OnePlus 3T":2,"LG Nexus 5X":1,"alcatel Flash":1,"Xiaomi Mi Mix":1,"HTC One A9":1,"OnePlus X":1,"Gionee M7":1,"Sony Xperia Z5":1,"Nokia 3310":1,"Apple iPhone 5s":1,"Micromax Canvas Fire 6 Q428":1,"alcatel Shine Lite":1,"Plum Ram 4":1,"Samsung Galaxy J7 Prime":1,"Samsung Galaxy A5":1,"Xiaomi Redmi 5":1,"Samsung Z3 Corporate Edition":1},"percent":{"Google Pixel":9.2391304348,"Apple iPhone 8":1.902173913,"Samsung Galaxy S8":1.6304347826,"Google Pixel 2 XL":1.6304347826,"BLU Advance 4.0 L3":1.3586956522,"Google Pixel XL":1.3586956522,"Apple iPhone X":1.3586956522,"HTC U11":1.0869565217,"OnePlus 5":1.0869565217,"Apple iPhone 6":1.0869565217,"Apple iPhone 7":0.8152173913,"Nokia 8":0.8152173913,"Sony Xperia XZ1":0.8152173913,"LG V20":0.5434782609,"LG G6":0.5434782609,"Motorola Moto X":0.5434782609,"Samsung Galaxy S8+":0.5434782609,"Apple iPhone 5c":0.5434782609,"LG V30":0.5434782609,"OnePlus 3T":0.5434782609,"LG Nexus 5X":0.2717391304,"alcatel Flash":0.2717391304,"Xiaomi Mi Mix":0.2717391304,"HTC One A9":0.2717391304,"OnePlus X":0.2717391304,"Gionee M7":0.2717391304,"Sony Xperia Z5":0.2717391304,"Nokia 3310":0.2717391304,"Apple iPhone 5s":0.2717391304,"Micromax Canvas Fire 6 Q428":0.2717391304,"alcatel Shine Lite":0.2717391304,"Plum Ram 4":0.2717391304,"Samsung Galaxy J7 Prime":0.2717391304,"Samsung Galaxy A5":0.2717391304,"Xiaomi Redmi 5":0.2717391304,"Samsung Z3 Corporate Edition":0.2717391304}}