{"categories": [{"num_posts": 10, "sentiments": [0.0, 0.019469696969696963, 0.33208333333333334], "competitor_brands": {}, "competitor_models": {}}]}