{"count":{"Huawei Mate 9":28,"Huawei Mate 10 Pro":25,"BLU Advance 4.0 L3":7,"Huawei Mate 9 Pro":7,"LG V30":7,"Huawei P10 Plus":5,"Samsung Galaxy S8+":5,"Samsung Galaxy Note8":4,"Huawei Honor 9":4,"HTC U11":4,"Apple iPhone 7":4,"OnePlus 5T":3,"Samsung Galaxy Note FE":3,"LG G6":3,"Huawei Honor 8 Pro":3,"Lava A73":2,"Huawei Honor View 10":2,"Apple iPhone 7 Plus":2,"alcatel Flash":2,"Maxwest Nitro Phablet 71":2,"Google Pixel":2,"Xiaomi Mi Note 3":1,"Oppo F5":1,"Sony Xperia XZ1 Compact":1,"Sony Xperia XZ1":1,"HTC U11+":1,"Apple iPhone 8 Plus":1,"OnePlus 5":1,"Sony Xperia XZ Premium":1,"Xiaomi Mi Mix 2":1,"Samsung Galaxy A7":1,"Apple iPhone 5s":1,"LG V10":1,"Google Pixel 2":1,"Nokia 8":1,"Oppo F1s":1,"Samsung Galaxy S7 edge":1,"Plum Ram 6":1,"Meizu M1":1,"Nokia 7 plus":1,"Samsung Galaxy S8":1,"BlackBerry DTEK60":1,"Xiaomi Redmi 5":1,"Huawei Y7 Prime":1,"Oppo R11s":1,"Samsung Galaxy J7 Pro":1,"Huawei P9 lite mini":1},"percent":{"Huawei Mate 9":5.5335968379,"Huawei Mate 10 Pro":4.9407114625,"BLU Advance 4.0 L3":1.3833992095,"Huawei Mate 9 Pro":1.3833992095,"LG V30":1.3833992095,"Huawei P10 Plus":0.9881422925,"Samsung Galaxy S8+":0.9881422925,"Samsung Galaxy Note8":0.790513834,"Huawei Honor 9":0.790513834,"HTC U11":0.790513834,"Apple iPhone 7":0.790513834,"OnePlus 5T":0.5928853755,"Samsung Galaxy Note FE":0.5928853755,"LG G6":0.5928853755,"Huawei Honor 8 Pro":0.5928853755,"Lava A73":0.395256917,"Huawei Honor View 10":0.395256917,"Apple iPhone 7 Plus":0.395256917,"alcatel Flash":0.395256917,"Maxwest Nitro Phablet 71":0.395256917,"Google Pixel":0.395256917,"Xiaomi Mi Note 3":0.1976284585,"Oppo F5":0.1976284585,"Sony Xperia XZ1 Compact":0.1976284585,"Sony Xperia XZ1":0.1976284585,"HTC U11+":0.1976284585,"Apple iPhone 8 Plus":0.1976284585,"OnePlus 5":0.1976284585,"Sony Xperia XZ Premium":0.1976284585,"Xiaomi Mi Mix 2":0.1976284585,"Samsung Galaxy A7":0.1976284585,"Apple iPhone 5s":0.1976284585,"LG V10":0.1976284585,"Google Pixel 2":0.1976284585,"Nokia 8":0.1976284585,"Oppo F1s":0.1976284585,"Samsung Galaxy S7 edge":0.1976284585,"Plum Ram 6":0.1976284585,"Meizu M1":0.1976284585,"Nokia 7 plus":0.1976284585,"Samsung Galaxy S8":0.1976284585,"BlackBerry DTEK60":0.1976284585,"Xiaomi Redmi 5":0.1976284585,"Huawei Y7 Prime":0.1976284585,"Oppo R11s":0.1976284585,"Samsung Galaxy J7 Pro":0.1976284585,"Huawei P9 lite mini":0.1976284585}}