{"count":{"Huawei Mate 10 Pro":7,"Huawei Mate 10":5,"Apple iPhone X":4,"Huawei P9 lite mini":2,"Huawei Mate 9":1,"Google Pixel":1,"OnePlus 5T":1,"Huawei P10 Plus":1,"Huawei Honor 8 Pro":1,"BLU Advance 4.0 L3":1,"Apple iPhone 7 Plus":1},"percent":{"Huawei Mate 10 Pro":5.9829059829,"Huawei Mate 10":4.2735042735,"Apple iPhone X":3.4188034188,"Huawei P9 lite mini":1.7094017094,"Huawei Mate 9":0.8547008547,"Google Pixel":0.8547008547,"OnePlus 5T":0.8547008547,"Huawei P10 Plus":0.8547008547,"Huawei Honor 8 Pro":0.8547008547,"BLU Advance 4.0 L3":0.8547008547,"Apple iPhone 7 Plus":0.8547008547}}