{"categories": [{"num_posts": 15, "sentiments": [-0.09583333333333333, 0.15330578512396695, 0.4733333333333334], "competitor_brands": {"Sony": 3, "Moto": 1, "Samsung": 1, "Huawei": 1}, "competitor_models": {"Moto Z": 1, "Samsung Galaxy S8": 1}}]}