{"categories": [{"num_posts": 11, "sentiments": [0.0, 0.04999999999999999, 0.2795138888888889], "competitor_brands": {"Nokia": 1}, "competitor_models": {}}]}