{"categories": [{"num_posts": 8, "sentiments": [-0.17500000000000002, -0.0125, 0.10833333333333334], "competitor_brands": {"Google": 1}, "competitor_models": {}}]}