{"categories": [{"num_posts": 28, "sentiments": [-0.15208333333333332, 0.0, 0.20961538461538465], "competitor_brands": {"Sony": 1}, "competitor_models": {}}]}