{"categories": [{"num_posts": 12, "sentiments": [0.0, 0.08541666666666667, 0.37499999999999994], "competitor_brands": {"Xiaomi": 2}, "competitor_models": {}}]}