{"categories": [{"num_posts": 6, "sentiments": [0.0, 0.06666666666666667, 0.13333333333333333], "competitor_brands": {"Sony": 1, "HTC": 1}, "competitor_models": {}}]}