{"categories": [{"num_posts": 10, "sentiments": [0.0, 0.20656249999999998, 0.43615530303030303], "competitor_brands": {"Asus": 1}, "competitor_models": {"Asus Zenfone 5Z": 1}}]}