{"count":{"Xiaomi Mi Note 3":28,"alcatel Flash":27,"BLU Advance 4.0 L3":25,"OnePlus 2":13,"OnePlus X":12,"Motorola Moto X Play":11,"Motorola Moto G":9,"Xiaomi Redmi Note 4":9,"Apple iPhone 6":8,"Xiaomi Mi Note 2":7,"Motorola Nexus 6":7,"Apple iPhone 5s":7,"Motorola Moto X":7,"OnePlus 3":5,"Xiaomi Redmi Note 3":5,"Samsung Galaxy J7":4,"YU Yureka":3,"Google Pixel":3,"Toshiba Windows Phone IS12T":3,"verykool s4009 Crystal":3,"Meizu MX3":2,"LG Nexus 5X":2,"Nokia Lumia 1520":2,"Oppo R7s":1,"Lenovo ZUK Z2 Pro":1,"Gionee M7":1,"Micromax Canvas Fire 6 Q428":1,"Xiaomi Redmi Note 5":1,"Plum Check LTE":1,"OnePlus 5T":1,"Samsung Z3 Corporate Edition":1,"Apple iPhone 5c":1,"Apple iPhone 6 Plus":1,"Samsung Galaxy A5":1,"Apple iPhone 7":1,"Samsung Galaxy A3":1,"ZTE Blade V9 Vita":1,"Maxwest Nitro Phablet 71":1,"BlackBerry Passport":1,"Xiaomi Redmi Note 4X":1,"Nokia Lumia 735":1,"Xiaomi Redmi 4 Prime":1,"Vodafone Smart first 6":1,"Sony Xperia Z5 Premium Dual":1,"Plum Hero":1,"Motorola Moto G Turbo Edition":1,"OnePlus 3T":1},"percent":{"Xiaomi Mi Note 3":0.8914358485,"alcatel Flash":0.8595988539,"BLU Advance 4.0 L3":0.7959248647,"OnePlus 2":0.4138809296,"OnePlus X":0.3820439351,"Motorola Moto X Play":0.3502069405,"Motorola Moto G":0.2865329513,"Xiaomi Redmi Note 4":0.2865329513,"Apple iPhone 6":0.2546959567,"Xiaomi Mi Note 2":0.2228589621,"Motorola Nexus 6":0.2228589621,"Apple iPhone 5s":0.2228589621,"Motorola Moto X":0.2228589621,"OnePlus 3":0.1591849729,"Xiaomi Redmi Note 3":0.1591849729,"Samsung Galaxy J7":0.1273479784,"YU Yureka":0.0955109838,"Google Pixel":0.0955109838,"Toshiba Windows Phone IS12T":0.0955109838,"verykool s4009 Crystal":0.0955109838,"Meizu MX3":0.0636739892,"LG Nexus 5X":0.0636739892,"Nokia Lumia 1520":0.0636739892,"Oppo R7s":0.0318369946,"Lenovo ZUK Z2 Pro":0.0318369946,"Gionee M7":0.0318369946,"Micromax Canvas Fire 6 Q428":0.0318369946,"Xiaomi Redmi Note 5":0.0318369946,"Plum Check LTE":0.0318369946,"OnePlus 5T":0.0318369946,"Samsung Z3 Corporate Edition":0.0318369946,"Apple iPhone 5c":0.0318369946,"Apple iPhone 6 Plus":0.0318369946,"Samsung Galaxy A5":0.0318369946,"Apple iPhone 7":0.0318369946,"Samsung Galaxy A3":0.0318369946,"ZTE Blade V9 Vita":0.0318369946,"Maxwest Nitro Phablet 71":0.0318369946,"BlackBerry Passport":0.0318369946,"Xiaomi Redmi Note 4X":0.0318369946,"Nokia Lumia 735":0.0318369946,"Xiaomi Redmi 4 Prime":0.0318369946,"Vodafone Smart first 6":0.0318369946,"Sony Xperia Z5 Premium Dual":0.0318369946,"Plum Hero":0.0318369946,"Motorola Moto G Turbo Edition":0.0318369946,"OnePlus 3T":0.0318369946}}