{"categories": [{"num_posts": 13, "sentiments": [0.0, 0.28214285714285714, 0.5666666666666667], "competitor_brands": {}, "competitor_models": {}}]}