{"categories": [{"num_posts": 27, "sentiments": [0.0, 0.11238095238095239, 0.36250000000000004], "competitor_brands": {"Samsung": 2}, "competitor_models": {}}]}