{"count":{"Samsung Galaxy S9+":20,"Apple iPhone X":18,"Samsung Galaxy S7 edge":17,"Google Pixel":7,"Samsung Galaxy S8":6,"Samsung Galaxy Note8":6,"Samsung Galaxy S8+":6,"Xiaomi Redmi Note 4X":5,"alcatel Flash":5,"Apple iPhone 8":4,"Samsung Galaxy S7":3,"Google Pixel 2":3,"Huawei Mate 10 Pro":3,"Xiaomi Mi Note 3":3,"Google Pixel 2 XL":3,"LG G6":2,"Micromax Canvas Infinity":2,"Xiaomi Redmi Note 4":2,"OnePlus 5T":2,"XOLO Era 2X":2,"Apple iPhone SE":2,"Apple iPhone 6":2,"Xiaomi Mi Mix":2,"Apple iPhone 7":1,"verykool s4009 Crystal":1,"LG V30":1,"LG G5":1,"Nokia 3310":1,"Sony Xperia XZ1 Compact":1,"Samsung Galaxy Note7":1,"BlackBerry Z10":1,"Oppo A53":1,"Huawei Mate 9 Pro":1,"HTC U Ultra":1,"Samsung Galaxy A5":1,"BlackBerry Classic":1,"Nokia 8 Sirocco":1,"Sony Xperia XZs":1,"Apple iPhone 6s":1,"Nokia 7 plus":1,"Huawei P10 Lite":1,"Xiaomi Redmi Note 5":1,"Nokia Lumia 1020":1,"BLU Advance 4.0 L3":1,"Motorola Moto X4":1},"percent":{"Samsung Galaxy S9+":3.2894736842,"Apple iPhone X":2.9605263158,"Samsung Galaxy S7 edge":2.7960526316,"Google Pixel":1.1513157895,"Samsung Galaxy S8":0.9868421053,"Samsung Galaxy Note8":0.9868421053,"Samsung Galaxy S8+":0.9868421053,"Xiaomi Redmi Note 4X":0.8223684211,"alcatel Flash":0.8223684211,"Apple iPhone 8":0.6578947368,"Samsung Galaxy S7":0.4934210526,"Google Pixel 2":0.4934210526,"Huawei Mate 10 Pro":0.4934210526,"Xiaomi Mi Note 3":0.4934210526,"Google Pixel 2 XL":0.4934210526,"LG G6":0.3289473684,"Micromax Canvas Infinity":0.3289473684,"Xiaomi Redmi Note 4":0.3289473684,"OnePlus 5T":0.3289473684,"XOLO Era 2X":0.3289473684,"Apple iPhone SE":0.3289473684,"Apple iPhone 6":0.3289473684,"Xiaomi Mi Mix":0.3289473684,"Apple iPhone 7":0.1644736842,"verykool s4009 Crystal":0.1644736842,"LG V30":0.1644736842,"LG G5":0.1644736842,"Nokia 3310":0.1644736842,"Sony Xperia XZ1 Compact":0.1644736842,"Samsung Galaxy Note7":0.1644736842,"BlackBerry Z10":0.1644736842,"Oppo A53":0.1644736842,"Huawei Mate 9 Pro":0.1644736842,"HTC U Ultra":0.1644736842,"Samsung Galaxy A5":0.1644736842,"BlackBerry Classic":0.1644736842,"Nokia 8 Sirocco":0.1644736842,"Sony Xperia XZs":0.1644736842,"Apple iPhone 6s":0.1644736842,"Nokia 7 plus":0.1644736842,"Huawei P10 Lite":0.1644736842,"Xiaomi Redmi Note 5":0.1644736842,"Nokia Lumia 1020":0.1644736842,"BLU Advance 4.0 L3":0.1644736842,"Motorola Moto X4":0.1644736842}}