{"categories": [{"num_posts": 22, "sentiments": [0.0, 0.09540945165945165, 0.28194444444444444], "competitor_brands": {"ZTE": 1, "Moto": 1}, "competitor_models": {}}]}