{"categories": [{"num_posts": 12, "sentiments": [0.0, 0.16818181818181818, 0.34064321095571104], "competitor_brands": {}, "competitor_models": {}}]}