{"categories": [{"num_posts": 23, "sentiments": [-0.029166666666666632, 0.0, 0.3261904761904762], "competitor_brands": {}, "competitor_models": {}}]}