{"categories": [{"num_posts": 10, "sentiments": [0.0, 0.14954545454545454, 0.5890151515151514], "competitor_brands": {}, "competitor_models": {}}]}