{"categories": [{"num_posts": 16, "sentiments": [-0.08937499999999998, 0.0, 0.012499999999999997], "competitor_brands": {"Google": 1}, "competitor_models": {"Google Pixel": 1}}]}