{"categories": [{"num_posts": 79, "sentiments": [0.0, 0.056249999999999994, 0.2708333333333333], "competitor_brands": {"Samsung": 3, "Google": 3}, "competitor_models": {"Asus Zenfone 5Z": 19}}]}