{"count":{"Xiaomi Mi Mix":1,"Apple iPhone X":1,"Apple iPhone SE":1,"LG V20":1},"percent":{"Xiaomi Mi Mix":2.3255813953,"Apple iPhone X":2.3255813953,"Apple iPhone SE":2.3255813953,"LG V20":2.3255813953}}