{"Count":{"Google":17,"Huawei":3,"HTC":2,"Nokia":1,"Moto":1,"Nexus":1,"LG":1,"Sony":1,"ZTE":1},"Percent":{"Google":9.7701149425,"Huawei":1.724137931,"HTC":1.1494252874,"Nokia":0.5747126437,"Moto":0.5747126437,"Nexus":0.5747126437,"LG":0.5747126437,"Sony":0.5747126437,"ZTE":0.5747126437}}