{"Count":{"Samsung Galaxy S9":15,"Samsung Galaxy S8+":8,"Google Pixel 2 XL":8,"Google Pixel":7,"Samsung Galaxy S7 Edge":5,"Samsung Galaxy S7":3,"Google Pixel 2":3,"Huawei Mate 10":3,"Samsung Galaxy Note 4":2,"HTC U11+":2,"Samsung Galaxy S6":2,"Nokia 7 Plus":1,"Moto X":1,"LG V20":1,"Sony Xperia Z3 Compact":1,"ZTE Axon 7":1},"Percent":{"Samsung Galaxy S9":8.6206896552,"Samsung Galaxy S8+":4.5977011494,"Google Pixel 2 XL":4.5977011494,"Google Pixel":4.0229885057,"Samsung Galaxy S7 Edge":2.8735632184,"Samsung Galaxy S7":1.724137931,"Google Pixel 2":1.724137931,"Huawei Mate 10":1.724137931,"Samsung Galaxy Note 4":1.1494252874,"HTC U11+":1.1494252874,"Samsung Galaxy S6":1.1494252874,"Nokia 7 Plus":0.5747126437,"Moto X":0.5747126437,"LG V20":0.5747126437,"Sony Xperia Z3 Compact":0.5747126437,"ZTE Axon 7":0.5747126437}}