{"categories": [{"num_posts": 2, "sentiments": [-0.14375, -0.037500000000000006, 0.06874999999999998], "competitor_brands": {}, "competitor_models": {}}]}