{"categories": [{"num_posts": 2, "sentiments": [0.07109375, 0.1421875, 0.21328124999999998], "competitor_brands": {}, "competitor_models": {}}]}