{"categories": [{"num_posts": 38, "sentiments": [-0.024999999999999994, 0.0, 0.1350108225108225], "competitor_brands": {"Google": 1}, "competitor_models": {"Google Pixel 2 XL": 1}}]}