{"categories": [{"num_posts": 10, "sentiments": [0.0008928571428571466, 0.275, 0.5599999999999999], "competitor_brands": {}, "competitor_models": {}}]}