{"categories": [{"num_posts": 2, "sentiments": [0.35, 0.3666666666666667, 0.38333333333333336], "competitor_brands": {}, "competitor_models": {}}]}