{"categories": [{"num_posts": 40, "sentiments": [0.0, 0.10833333333333334, 0.4580357142857142], "competitor_brands": {"Samsung": 1}, "competitor_models": {}}]}