{"categories": [{"num_posts": 8, "sentiments": [-0.21, 0.04886363636363636, 0.4794642857142858], "competitor_brands": {"LG": 1}, "competitor_models": {}}]}