{"categories": [{"num_posts": 53, "sentiments": [-0.0024999999999999745, 0.0, 0.2133333333333333], "competitor_brands": {"Samsung": 1, "BlackBerry": 1}, "competitor_models": {}}]}