{"categories": [{"num_posts": 33, "sentiments": [-0.15833333333333333, 0.0, 0.21924235026041666], "competitor_brands": {}, "competitor_models": {}}]}