{"categories": [{"num_posts": 62, "sentiments": [-0.25, -0.0011231884057970936, 0.16874999999999998], "competitor_brands": {"BLU": 1, "Google": 1}, "competitor_models": {"BLU VIVO 8L": 1, "Google Pixel": 1}}]}