{"categories": [{"num_posts": 3, "sentiments": [0.32499999999999996, 0.6499999999999999, 0.75], "competitor_brands": {}, "competitor_models": {}}]}