{"categories": [{"num_posts": 5, "sentiments": [0.17872023809523807, 0.2, 0.26111111111111107], "competitor_brands": {"Xiaomi": 1, "Moto": 1}, "competitor_models": {}}]}