{"categories": [{"num_posts": 76, "sentiments": [-0.04137205387205388, 0.0, 0.24303571428571427], "competitor_brands": {"Nokia": 1, "Google": 2}, "competitor_models": {}}]}