{"categories": [{"num_posts": 12, "sentiments": [-0.011249999999999996, 0.24583333333333335, 0.35], "competitor_brands": {}, "competitor_models": {}}]}