{"categories": [{"num_posts": 16, "sentiments": [-0.0071590909090909075, 0.0, 0.10833333333333332], "competitor_brands": {"Samsung": 1, "Nokia": 1}, "competitor_models": {}}]}