{"categories": [{"num_posts": 1, "sentiments": [-0.3333333333333333, -0.3333333333333333, -0.3333333333333333], "competitor_brands": {}, "competitor_models": {}}]}