{"categories": [{"num_posts": 72, "sentiments": [0.0, 0.016249999999999994, 0.22979983660130718], "competitor_brands": {"Samsung": 2, "Nexus": 2, "Moto": 1}, "competitor_models": {"LG V10": 2, "Moto X": 1}}]}