{"categories": [{"num_posts": 11, "sentiments": [-0.03749999999999999, 0.0, 0.22907986111111114], "competitor_brands": {"Xiaomi": 1, "Honor": 1, "Moto": 1}, "competitor_models": {}}]}