{"categories": [{"num_posts": 9, "sentiments": [0.0, 0.09981292517006803, 0.2833333333333333], "competitor_brands": {"Samsung": 1}, "competitor_models": {"LG G5": 1}}]}