{"categories": [{"num_posts": 6, "sentiments": [0.03125, 0.16833333333333333, 0.46005952380952386], "competitor_brands": {"LG": 1, "HTC": 1}, "competitor_models": {"LG G5": 1}}]}