{"categories": [{"num_posts": 5, "sentiments": [0.07430555555555556, 0.10666666666666666, 0.16666666666666666], "competitor_brands": {}, "competitor_models": {}}]}