{"categories": [{"num_posts": 2, "sentiments": [0.37083333333333335, 0.44166666666666665, 0.5125], "competitor_brands": {"Samsung": 1}, "competitor_models": {}}]}