{"categories": [{"num_posts": 14, "sentiments": [0.00416666666666668, 0.04696969696969698, 0.515625], "competitor_brands": {"Moto": 1}, "competitor_models": {"Moto G": 1}}]}