{"categories": [{"num_posts": 7, "sentiments": [-0.3041666666666667, -0.10714285714285715, 0.228125], "competitor_brands": {}, "competitor_models": {}}]}