{"categories": [{"num_posts": 18, "sentiments": [0.0, 0.18272005772005773, 0.3868560606060606], "competitor_brands": {"Moto": 5}, "competitor_models": {}}]}