{"categories": [{"num_posts": 74, "sentiments": [-0.03568181818181818, 0.0, 0.21902056277056275], "competitor_brands": {"Google": 6, "LG": 1, "Samsung": 1}, "competitor_models": {}}]}