{"categories": [{"num_posts": 65, "sentiments": [0.0, 0.013888888888888895, 0.33499999999999996], "competitor_brands": {"Samsung": 2, "Google": 2}, "competitor_models": {"Google Pixel": 1}}]}