{"categories": [{"num_posts": 140, "sentiments": [0.0, 0.09642857142857142, 0.43333333333333335], "competitor_brands": {"Samsung": 7, "Sony": 3, "Nokia": 1}, "competitor_models": {}}]}