{"categories": [{"num_posts": 9, "sentiments": [0.0, 0.4491666666666667, 0.5233333333333333], "competitor_brands": {}, "competitor_models": {}}]}