{"categories": [{"num_posts": 7, "sentiments": [-0.021875000000000006, 0.0, 0.33333333333333337], "competitor_brands": {}, "competitor_models": {}}]}