{"categories": [{"num_posts": 18, "sentiments": [-0.11594846491228072, 0.0, 0.30624999999999997], "competitor_brands": {"LG": 1, "Moto": 1, "Xiaomi": 1}, "competitor_models": {"LG G5": 1}}]}