{"categories": [{"num_posts": 108, "sentiments": [0.0, 0.09990842490842491, 0.2827272727272727], "competitor_brands": {"Sony": 1, "Nokia": 2, "Google": 3}, "competitor_models": {}}]}