{"categories": [{"num_posts": 6, "sentiments": [0.0, 0.016666666666666666, 0.3083333333333334], "competitor_brands": {}, "competitor_models": {}}]}