{"categories": [{"num_posts": 5, "sentiments": [0.2, 0.3499999999999999, 0.48888888888888893], "competitor_brands": {}, "competitor_models": {}}]}