{"categories": [{"num_posts": 7, "sentiments": [-0.14833333333333334, 0.0, 0.2111111111111111], "competitor_brands": {}, "competitor_models": {}}]}