{"categories": [{"num_posts": 20, "sentiments": [-0.006249999999999999, 0.0, 0.37428571428571433], "competitor_brands": {"Samsung": 1}, "competitor_models": {}}]}