{"categories": [{"num_posts": 22, "sentiments": [0.0, 0.1404697039072039, 0.3460542929292929], "competitor_brands": {}, "competitor_models": {}}]}