{"categories": [{"num_posts": 4, "sentiments": [-0.25, 0.09999999999999999, 0.22083333333333333], "competitor_brands": {"BLU": 1}, "competitor_models": {}}]}