,sentiment,occurences,sentimentsSummary,sentimentEdges,score
auto brightness,"[0.16, 0.25]",2,[0.1825 0.205  0.2275],0.2275,0.7296465920118238
battery,"[0.0, -0.08333333333333333]",2,[-0.0625 -0.0417 -0.0208],-0.0625,0.6625813755464813
deep sleep,"[0.19999999999999998, 0.21212121212121213]",2,[0.203  0.2061 0.2091],0.20909090909090908,0.6057609197727195
direct sunlight,"[0.016666666666666646, 0.09999999999999998, -0.19375000000000003, 0.15000000000000002]",4,[-0.0359  0.0583  0.1125],0.11249999999999999,1.285896191752933
good images,"[0.44999999999999996, 0.7]",2,[0.5125 0.575  0.6375],0.6375,0.6522090603572354
high brightness mode,"[0.08, 0.16]",2,[0.1  0.12 0.14],0.13999999999999999,0.897425925571317
old forums,"[0.1, 0.1, 0.1, 0.1]",4,[0.1 0.1 0.1],0.1,1.298715482288969
roms,"[0.0, 0.5, 0.0]",3,[0.   0.   0.25],0.25,0.6863050540750387
sot,"[0.0, 0.0, -0.15555555555555559, 0.0]",4,[-0.0389  0.      0.    ],-0.038888888888888896,0.9329989813466372
