{"count":{"Google":25,"Nexus":1,"Nokia":1,"Huawei":1,"BLU":1,"Samsung":1,"ZTE":1},"percent":{"Google":10.775862069,"Nexus":0.4310344828,"Nokia":0.4310344828,"Huawei":0.4310344828,"BLU":0.4310344828,"Samsung":0.4310344828,"ZTE":0.4310344828}}