{"count":{"Asus":16,"Moto":3,"Nexus":3,"Google":2,"Huawei":2,"LG":1,"ZTE":1,"OnePlus":1,"Honor":1,"BLU":1,"HTC":1},"percent":{"Asus":41.0256410256,"Moto":7.6923076923,"Nexus":7.6923076923,"Google":5.1282051282,"Huawei":5.1282051282,"LG":2.5641025641,"ZTE":2.5641025641,"OnePlus":2.5641025641,"Honor":2.5641025641,"BLU":2.5641025641,"HTC":2.5641025641}}