{"count":{"Asus Zenfone 5Z":668,"Samsung Galaxy S6":53,"Samsung Galaxy S7 Edge":30,"Google Nexus 5":28,"Samsung Galaxy Note 4":28,"Moto X":26,"Moto G":26,"Sony Xperia Z3 Compact":21,"HTC One":13,"OnePlus One":12,"HTC Desire 825":11,"LG G4":9,"Google Pixel 2 XL":8,"Google Pixel":6,"Moto E 2015":5,"LG G5":3,"Samsung Galaxy S7":2,"Huawei Nexus 6P":2,"Moto G4 Plus":2,"BLU VIVO 8L":1,"LG G6":1,"Moto G 2015":1},"percent":{"Asus Zenfone 5Z":18.1078883166,"Samsung Galaxy S6":1.4367037137,"Samsung Galaxy S7 Edge":0.8132285172,"Google Nexus 5":0.7590132827,"Samsung Galaxy Note 4":0.7590132827,"Moto X":0.7047980483,"Moto G":0.7047980483,"Sony Xperia Z3 Compact":0.569259962,"HTC One":0.3523990241,"OnePlus One":0.3252914069,"HTC Desire 825":0.2981837896,"LG G4":0.2439685552,"Google Pixel 2 XL":0.2168609379,"Google Pixel":0.1626457034,"Moto E 2015":0.1355380862,"LG G5":0.0813228517,"Samsung Galaxy S7":0.0542152345,"Huawei Nexus 6P":0.0542152345,"Moto G4 Plus":0.0542152345,"BLU VIVO 8L":0.0271076172,"LG G6":0.0271076172,"Moto G 2015":0.0271076172}}