{"count":{"Samsung":9,"LG":3,"Google":2},"percent":{"Samsung":9.8901098901,"LG":3.2967032967,"Google":2.1978021978}}