{"count":{"Samsung Galaxy S7 Edge":6,"LG G4":3,"Samsung Galaxy S8+":2,"Samsung Galaxy S8":1,"Google Pixel":1},"percent":{"Samsung Galaxy S7 Edge":6.5934065934,"LG G4":3.2967032967,"Samsung Galaxy S8+":2.1978021978,"Samsung Galaxy S8":1.0989010989,"Google Pixel":1.0989010989}}