{"count":{"Moto G4 Plus":9,"Samsung Galaxy S7 Edge":4,"HTC One":4,"Moto X":4,"ZTE Axon 7":4,"Huawei Nexus 6P":3,"Samsung Galaxy S7":3,"OnePlus 3":3,"Samsung Galaxy S6":1,"LG G4":1,"LG V20":1,"HTC 10":1,"Google Nexus 5":1,"Moto Z":1},"percent":{"Moto G4 Plus":3.4482758621,"Samsung Galaxy S7 Edge":1.5325670498,"HTC One":1.5325670498,"Moto X":1.5325670498,"ZTE Axon 7":1.5325670498,"Huawei Nexus 6P":1.1494252874,"Samsung Galaxy S7":1.1494252874,"OnePlus 3":1.1494252874,"Samsung Galaxy S6":0.3831417625,"LG G4":0.3831417625,"LG V20":0.3831417625,"HTC 10":0.3831417625,"Google Nexus 5":0.3831417625,"Moto Z":0.3831417625}}