{"count":{"Huawei Nexus 6P":82,"Samsung Galaxy S6":52,"Samsung Galaxy S7 Edge":45,"Moto X":28,"LG G4":18,"Samsung Galaxy S7":16,"LG V10":15,"Google Nexus 5":15,"OnePlus One":12,"HTC One":11,"Samsung Galaxy Note 4":11,"Google Pixel":9,"Google Pixel 2 XL":8,"Moto G":5,"LG V20":5,"Samsung Galaxy S8+":4,"Sony Xperia Z3 Compact":4,"OnePlus 3":3,"LG G6":3,"OnePlus 5T":3,"Asus Zenfone 5Z":3,"Moto Z":2,"HTC 10":2,"Nexus 9":2,"Sony Xperia Z5":2,"Sony Xperia X Performance":1,"BLU VIVO 8L":1},"percent":{"Huawei Nexus 6P":2.1194107004,"Samsung Galaxy S6":1.3440165417,"Samsung Galaxy S7 Edge":1.163091238,"Moto X":0.7237012148,"LG G4":0.4652364952,"Samsung Galaxy S7":0.4135435513,"LG V10":0.3876970793,"Google Nexus 5":0.3876970793,"OnePlus One":0.3101576635,"HTC One":0.2843111915,"Samsung Galaxy Note 4":0.2843111915,"Google Pixel":0.2326182476,"Google Pixel 2 XL":0.2067717757,"Moto G":0.1292323598,"LG V20":0.1292323598,"Samsung Galaxy S8+":0.1033858878,"Sony Xperia Z3 Compact":0.1033858878,"OnePlus 3":0.0775394159,"LG G6":0.0775394159,"OnePlus 5T":0.0775394159,"Asus Zenfone 5Z":0.0775394159,"Moto Z":0.0516929439,"HTC 10":0.0516929439,"Nexus 9":0.0516929439,"Sony Xperia Z5":0.0516929439,"Sony Xperia X Performance":0.025846472,"BLU VIVO 8L":0.025846472}}