{"count":{"Google":310,"Samsung":196,"Nexus":122,"Huawei":84,"LG":71,"HTC":45,"Moto":40,"Sony":22,"OnePlus":17,"Nokia":11,"Asus":9,"BLU":2,"Honor":1,"ZTE":1,"Xiaomi":1},"percent":{"Google":8.0124063065,"Samsung":5.0659085035,"Nexus":3.1532695787,"Huawei":2.1711036444,"LG":1.8350995089,"HTC":1.163091238,"Moto":1.0338588783,"Sony":0.568622383,"OnePlus":0.4393900233,"Nokia":0.2843111915,"Asus":0.2326182476,"BLU":0.0516929439,"Honor":0.025846472,"ZTE":0.025846472,"Xiaomi":0.025846472}}