{"count":{"Nexus":15,"Moto":15,"Samsung":14,"HTC":6,"LG":5,"Google":4,"ZTE":4,"Huawei":3,"OnePlus":3,"Honor":1,"Asus":1},"percent":{"Nexus":5.7471264368,"Moto":5.7471264368,"Samsung":5.3639846743,"HTC":2.2988505747,"LG":1.9157088123,"Google":1.5325670498,"ZTE":1.5325670498,"Huawei":1.1494252874,"OnePlus":1.1494252874,"Honor":0.3831417625,"Asus":0.3831417625}}