{"count":{"Google":65,"Samsung":26,"Moto":14,"LG":14,"HTC":8,"Nexus":8,"Huawei":7,"OnePlus":6,"Nokia":5,"Sony":5,"Asus":4,"BLU":1,"Xiaomi":1},"percent":{"Google":5.6867891514,"Samsung":2.2747156605,"Moto":1.2248468941,"LG":1.2248468941,"HTC":0.6999125109,"Nexus":0.6999125109,"Huawei":0.6124234471,"OnePlus":0.5249343832,"Nokia":0.4374453193,"Sony":0.4374453193,"Asus":0.3499562555,"BLU":0.0874890639,"Xiaomi":0.0874890639}}