{"count":{"Google Pixel":241,"Google Pixel 2 XL":137,"Google Pixel 2":128,"Samsung Galaxy S7 Edge":55,"Huawei Nexus 6P":50,"LG G6":48,"Sony Xperia Z3 Compact":24,"Samsung Galaxy S8+":24,"Samsung Galaxy S7":20,"Samsung Galaxy S8":14,"OnePlus 5":13,"OnePlus 5T":13,"Samsung Galaxy Note 4":11,"OnePlus 3T":10,"HTC 10":9,"Moto Z":8,"LG G5":7,"Google Nexus 5":7,"Nokia 7 Plus":7,"HTC One":5,"LG V20":5,"Moto X":4,"Samsung Galaxy S9":4,"Asus Zenfone 5Z":3,"Razer Phone":3,"LG V10":3,"BLU VIVO 8L":3,"ZTE Axon 7":3,"Moto G":2,"Xiaomi Mi 5":2,"Huawei P10":2,"LG V30S":1,"Moto G4 Plus":1,"Samsung Galaxy S6":1,"Nextbit Robin":1,"Huawei Mate 10":1,"OnePlus 3":1,"Sony Xperia Z5":1},"percent":{"Google Pixel":4.0592892033,"Google Pixel 2 XL":2.3075627421,"Google Pixel 2":2.1559710291,"Samsung Galaxy S7 Edge":0.9263938016,"Huawei Nexus 6P":0.8421761833,"LG G6":0.8084891359,"Sony Xperia Z3 Compact":0.404244568,"Samsung Galaxy S8+":0.404244568,"Samsung Galaxy S7":0.3368704733,"Samsung Galaxy S8":0.2358093313,"OnePlus 5":0.2189658076,"OnePlus 5T":0.2189658076,"Samsung Galaxy Note 4":0.1852787603,"OnePlus 3T":0.1684352367,"HTC 10":0.151591713,"Moto Z":0.1347481893,"LG G5":0.1179046657,"Google Nexus 5":0.1179046657,"Nokia 7 Plus":0.1179046657,"HTC One":0.0842176183,"LG V20":0.0842176183,"Moto X":0.0673740947,"Samsung Galaxy S9":0.0673740947,"Asus Zenfone 5Z":0.050530571,"Razer Phone":0.050530571,"LG V10":0.050530571,"BLU VIVO 8L":0.050530571,"ZTE Axon 7":0.050530571,"Moto G":0.0336870473,"Xiaomi Mi 5":0.0336870473,"Huawei P10":0.0336870473,"LG V30S":0.0168435237,"Moto G4 Plus":0.0168435237,"Samsung Galaxy S6":0.0168435237,"Nextbit Robin":0.0168435237,"Huawei Mate 10":0.0168435237,"OnePlus 3":0.0168435237,"Sony Xperia Z5":0.0168435237}}