{"count":{"Google Pixel 2 XL":1622,"Google Pixel":1204,"Google Pixel 2":1169,"Huawei Nexus 6P":175,"Samsung Galaxy S7 Edge":113,"Samsung Galaxy S8+":63,"Samsung Galaxy S9":62,"Samsung Galaxy S7":49,"LG V20":45,"OnePlus 5T":44,"LG G6":41,"Google Nexus 5":41,"Samsung Galaxy S9+":34,"Samsung Galaxy S6":27,"Samsung Galaxy S8":27,"Moto X":25,"LG G5":22,"Nokia 7 Plus":20,"LG V10":18,"Samsung Galaxy Note 4":14,"Huawei Mate 10":14,"Moto Z":12,"Sony Xperia Z3 Compact":9,"HTC One":9,"HTC 10":8,"HTC U11+":8,"LG G4":5,"Moto G4 Plus":4,"Razer Phone":4,"Google Pixel C":4,"Huawei P10":3,"OnePlus 3":3,"OnePlus 5":3,"LG X screen":3,"ZTE Axon 7":3,"Nexus 9":2,"OnePlus One":1,"Moto E 2015":1,"Honor View 10":1,"Xiaomi Mi A1":1,"Honor 7X":1,"Moto G":1,"Sony Xperia Z5":1,"LG V30S":1,"OnePlus 2":1},"percent":{"Google Pixel 2 XL":11.7417113074,"Google Pixel":8.7157955697,"Google Pixel 2":8.4624294194,"Huawei Nexus 6P":1.2668307514,"Samsung Galaxy S7 Edge":0.8180107138,"Samsung Galaxy S8+":0.4560590705,"Samsung Galaxy S9":0.4488200376,"Samsung Galaxy S7":0.3547126104,"LG V20":0.3257564789,"OnePlus 5T":0.3185174461,"LG G6":0.2968003475,"Google Nexus 5":0.2968003475,"Samsung Galaxy S9+":0.2461271174,"Samsung Galaxy S6":0.1954538874,"Samsung Galaxy S8":0.1954538874,"Moto X":0.1809758216,"LG G5":0.159258723,"Nokia 7 Plus":0.1447806573,"LG V10":0.1303025916,"Samsung Galaxy Note 4":0.1013464601,"Huawei Mate 10":0.1013464601,"Moto Z":0.0868683944,"Sony Xperia Z3 Compact":0.0651512958,"HTC One":0.0651512958,"HTC 10":0.0579122629,"HTC U11+":0.0579122629,"LG G4":0.0361951643,"Moto G4 Plus":0.0289561315,"Razer Phone":0.0289561315,"Google Pixel C":0.0289561315,"Huawei P10":0.0217170986,"OnePlus 3":0.0217170986,"OnePlus 5":0.0217170986,"LG X screen":0.0217170986,"ZTE Axon 7":0.0217170986,"Nexus 9":0.0144780657,"OnePlus One":0.0072390329,"Moto E 2015":0.0072390329,"Honor View 10":0.0072390329,"Xiaomi Mi A1":0.0072390329,"Honor 7X":0.0072390329,"Moto G":0.0072390329,"Sony Xperia Z5":0.0072390329,"LG V30S":0.0072390329,"OnePlus 2":0.0072390329}}