{"count":{"Samsung":2,"Moto":1},"percent":{"Samsung":1.3157894737,"Moto":0.6578947368}}