{"count":{"Samsung":7,"BlackBerry":1,"Asus":1,"HTC":1},"percent":{"Samsung":2.8340080972,"BlackBerry":0.4048582996,"Asus":0.4048582996,"HTC":0.4048582996}}