{"count":{"Google Pixel":19,"Google Pixel 2 XL":7,"Google Pixel C":4,"Google Pixel 2":3,"Samsung Galaxy S7 Edge":1},"percent":{"Google Pixel":7.6923076923,"Google Pixel 2 XL":2.8340080972,"Google Pixel C":1.6194331984,"Google Pixel 2":1.2145748988,"Samsung Galaxy S7 Edge":0.4048582996}}