{"count":{"ZTE Axon 7":6,"LG G6":6,"LG V10":3,"Samsung Galaxy S7":3,"Huawei Mate 10":2,"Google Pixel 2 XL":2,"OnePlus 5":2,"Samsung Galaxy S7 Edge":2,"OnePlus 3":1,"Google Nexus 5":1,"OnePlus 3T":1,"Huawei P10":1,"Samsung Galaxy S8+":1,"Moto X":1,"LG G5":1,"Moto G4 Plus":1,"Google Pixel":1,"LG G4":1},"percent":{"ZTE Axon 7":3.2608695652,"LG G6":3.2608695652,"LG V10":1.6304347826,"Samsung Galaxy S7":1.6304347826,"Huawei Mate 10":1.0869565217,"Google Pixel 2 XL":1.0869565217,"OnePlus 5":1.0869565217,"Samsung Galaxy S7 Edge":1.0869565217,"OnePlus 3":0.5434782609,"Google Nexus 5":0.5434782609,"OnePlus 3T":0.5434782609,"Huawei P10":0.5434782609,"Samsung Galaxy S8+":0.5434782609,"Moto X":0.5434782609,"LG G5":0.5434782609,"Moto G4 Plus":0.5434782609,"Google Pixel":0.5434782609,"LG G4":0.5434782609}}