{"count":{"Huawei Mate 10":7,"LG G5":7,"Xiaomi Mi A1":6,"LG V10":6,"Moto G":4,"Samsung Galaxy S6":3,"Huawei MediaPad M5":3,"Moto G4 Plus":3,"LG G6":3,"OnePlus 5T":3,"Moto Z":3,"Samsung Galaxy Note 4":2,"Google Pixel":1,"Google Pixel 2":1,"Google Pixel 2 XL":1,"Samsung Galaxy S7 Edge":1,"Moto X":1,"Honor 9i":1},"percent":{"Huawei Mate 10":0.9283819629,"LG G5":0.9283819629,"Xiaomi Mi A1":0.7957559682,"LG V10":0.7957559682,"Moto G":0.5305039788,"Samsung Galaxy S6":0.3978779841,"Huawei MediaPad M5":0.3978779841,"Moto G4 Plus":0.3978779841,"LG G6":0.3978779841,"OnePlus 5T":0.3978779841,"Moto Z":0.3978779841,"Samsung Galaxy Note 4":0.2652519894,"Google Pixel":0.1326259947,"Google Pixel 2":0.1326259947,"Google Pixel 2 XL":0.1326259947,"Samsung Galaxy S7 Edge":0.1326259947,"Moto X":0.1326259947,"Honor 9i":0.1326259947}}