{"count":{"Huawei":21,"LG":20,"OnePlus":6,"Google":3,"Samsung":2,"Moto":2,"Sony":1},"percent":{"Huawei":13.9072847682,"LG":13.2450331126,"OnePlus":3.9735099338,"Google":1.9867549669,"Samsung":1.3245033113,"Moto":1.3245033113,"Sony":0.6622516556}}