{"count":{"Huawei":17,"Google":7,"Samsung":2,"LG":1},"percent":{"Huawei":13.4920634921,"Google":5.5555555556,"Samsung":1.5873015873,"LG":0.7936507937}}