{"count":{"LG G6":27,"Huawei Mate 10":9,"Samsung Galaxy S8+":7,"LG V10":7,"Google Pixel":6,"Huawei P10":5,"OnePlus 5":4,"Nokia 7 Plus":4,"Moto Z":3,"LG G5":2,"Samsung Galaxy S7 Edge":2,"Google Pixel 2 XL":2,"ZTE Blade V9":2,"ZTE Axon 7":2,"HTC 10":2,"Sony Xperia Z3 Compact":1,"LG G4":1,"LG V20":1,"Google Pixel C":1,"Moto G4 Plus":1,"Samsung Galaxy S7":1,"Honor 9 Lite":1,"Samsung Galaxy S8":1,"Huawei Nexus 6P":1,"Moto X":1,"Honor 9i":1,"OnePlus One":1},"percent":{"LG G6":3.2296650718,"Huawei Mate 10":1.0765550239,"Samsung Galaxy S8+":0.8373205742,"LG V10":0.8373205742,"Google Pixel":0.7177033493,"Huawei P10":0.5980861244,"OnePlus 5":0.4784688995,"Nokia 7 Plus":0.4784688995,"Moto Z":0.3588516746,"LG G5":0.2392344498,"Samsung Galaxy S7 Edge":0.2392344498,"Google Pixel 2 XL":0.2392344498,"ZTE Blade V9":0.2392344498,"ZTE Axon 7":0.2392344498,"HTC 10":0.2392344498,"Sony Xperia Z3 Compact":0.1196172249,"LG G4":0.1196172249,"LG V20":0.1196172249,"Google Pixel C":0.1196172249,"Moto G4 Plus":0.1196172249,"Samsung Galaxy S7":0.1196172249,"Honor 9 Lite":0.1196172249,"Samsung Galaxy S8":0.1196172249,"Huawei Nexus 6P":0.1196172249,"Moto X":0.1196172249,"Honor 9i":0.1196172249,"OnePlus One":0.1196172249}}