{"count":{"Huawei":55,"Moto":25,"LG":19,"Google":14,"Samsung":8,"Xiaomi":8,"OnePlus":5,"HTC":5,"Nexus":2,"Nokia":2,"ZTE":2,"BLU":2,"Elephone":1},"percent":{"Huawei":7.2944297082,"Moto":3.3156498674,"LG":2.5198938992,"Google":1.8567639257,"Samsung":1.0610079576,"Xiaomi":1.0610079576,"OnePlus":0.6631299735,"HTC":0.6631299735,"Nexus":0.2652519894,"Nokia":0.2652519894,"ZTE":0.2652519894,"BLU":0.2652519894,"Elephone":0.1326259947}}