{"count":{"Huawei":816,"Samsung":462,"Google":441,"Nexus":224,"Moto":205,"ZTE":178,"LG":178,"HTC":88,"Sony":77,"OnePlus":67,"Nokia":65,"BlackBerry":36,"Asus":23,"Nextbit":19,"BLU":8,"Xiaomi":7,"Elephone":4},"percent":{"Huawei":6.7193675889,"Samsung":3.8043478261,"Google":3.6314229249,"Nexus":1.8445322793,"Moto":1.6880764163,"ZTE":1.4657444005,"LG":1.4657444005,"HTC":0.7246376812,"Sony":0.634057971,"OnePlus":0.55171278,"Nokia":0.5352437418,"BlackBerry":0.2964426877,"Asus":0.1893939394,"Nextbit":0.156455863,"BLU":0.0658761528,"Xiaomi":0.0576416337,"Elephone":0.0329380764}}