{"count":{"Huawei":46,"Google":29,"Moto":12,"Samsung":11,"LG":9,"ZTE":8,"Nexus":4,"Asus":3,"Sony":2,"Nokia":2,"OnePlus":2,"Xiaomi":1},"percent":{"Huawei":5.7644110276,"Google":3.634085213,"Moto":1.5037593985,"Samsung":1.3784461153,"LG":1.1278195489,"ZTE":1.0025062657,"Nexus":0.5012531328,"Asus":0.3759398496,"Sony":0.2506265664,"Nokia":0.2506265664,"OnePlus":0.2506265664,"Xiaomi":0.1253132832}}