{"count":{"Honor 7X":18,"Google Pixel":9,"Moto Z":6,"LG G5":4,"ZTE Blade V9":4,"Samsung Galaxy S7 Edge":3,"ZTE Axon 7":3,"Google Pixel 2 XL":2,"LG G6":2,"Sony Xperia Z3 Compact":1,"Huawei MediaPad M5":1,"Google Pixel 2":1,"Asus Zenfone 5Z":1,"LG V20":1,"Huawei Mate 10":1,"OnePlus 2":1},"percent":{"Honor 7X":2.2556390977,"Google Pixel":1.1278195489,"Moto Z":0.7518796992,"LG G5":0.5012531328,"ZTE Blade V9":0.5012531328,"Samsung Galaxy S7 Edge":0.3759398496,"ZTE Axon 7":0.3759398496,"Google Pixel 2 XL":0.2506265664,"LG G6":0.2506265664,"Sony Xperia Z3 Compact":0.1253132832,"Huawei MediaPad M5":0.1253132832,"Google Pixel 2":0.1253132832,"Asus Zenfone 5Z":0.1253132832,"LG V20":0.1253132832,"Huawei Mate 10":0.1253132832,"OnePlus 2":0.1253132832}}