{"count":{"HTC One":92,"Moto X":28,"Samsung Galaxy S6":24,"Huawei Nexus 6P":22,"Google Nexus 5":18,"Sony Xperia Z3 Compact":14,"OnePlus X":12,"Samsung Galaxy S7 Edge":11,"OnePlus One":9,"Sony Xperia Z5":8,"Google Pixel":6,"Asus Zenfone 5Z":4,"LG G4":2,"HTC Desire 825":2,"HTC 10":2,"Samsung Galaxy Note 4":1,"Moto G 2015":1,"Samsung Galaxy S7":1,"LG V10":1,"Xiaomi Mi A1":1,"Nextbit Robin":1,"Moto G":1,"Moto X Style":1},"percent":{"HTC One":7.6095947064,"Moto X":2.3159636063,"Samsung Galaxy S6":1.9851116625,"Huawei Nexus 6P":1.8196856907,"Google Nexus 5":1.4888337469,"Sony Xperia Z3 Compact":1.1579818031,"OnePlus X":0.9925558313,"Samsung Galaxy S7 Edge":0.9098428453,"OnePlus One":0.7444168734,"Sony Xperia Z5":0.6617038875,"Google Pixel":0.4962779156,"Asus Zenfone 5Z":0.3308519438,"LG G4":0.1654259719,"HTC Desire 825":0.1654259719,"HTC 10":0.1654259719,"Samsung Galaxy Note 4":0.0827129859,"Moto G 2015":0.0827129859,"Samsung Galaxy S7":0.0827129859,"LG V10":0.0827129859,"Xiaomi Mi A1":0.0827129859,"Nextbit Robin":0.0827129859,"Moto G":0.0827129859,"Moto X Style":0.0827129859}}