{"count":{"Samsung":1122,"Google":501,"LG":202,"Nexus":177,"Moto":113,"Sony":110,"BlackBerry":49,"Huawei":21,"OnePlus":20,"Nokia":17,"Asus":9,"Xiaomi":6,"Honor":3,"ZTE":3,"BLU":1,"Nextbit":1,"Razer":1},"percent":{"Samsung":10.7646550897,"Google":4.8066775401,"LG":1.9380216828,"Nexus":1.6981675142,"Moto":1.0841408424,"Sony":1.0553583421,"BlackBerry":0.4701141706,"Huawei":0.2014775017,"OnePlus":0.1918833349,"Nokia":0.1631008347,"Asus":0.0863475007,"Xiaomi":0.0575650005,"Honor":0.0287825002,"ZTE":0.0287825002,"BLU":0.0095941667,"Nextbit":0.0095941667,"Razer":0.0095941667}}