{"count":{"Samsung":409,"Google":382,"LG":204,"Huawei":72,"Nexus":56,"Moto":44,"OnePlus":36,"Nokia":34,"Sony":30,"Honor":27,"BlackBerry":13,"ZTE":13,"Xiaomi":6,"BLU":6,"Asus":3,"Razer":1,"Nextbit":1},"percent":{"Samsung":7.0323246217,"Google":6.568088033,"LG":3.507565337,"Huawei":1.2379642366,"Nexus":0.9628610729,"Moto":0.7565337001,"OnePlus":0.6189821183,"Nokia":0.5845942228,"Sony":0.5158184319,"Honor":0.4642365887,"BlackBerry":0.2235213205,"ZTE":0.2235213205,"Xiaomi":0.1031636864,"BLU":0.1031636864,"Asus":0.0515818432,"Razer":0.0171939477,"Nextbit":0.0171939477}}