{"count":{"Google Pixel":126,"HTC 10":118,"LG G6":99,"Samsung Galaxy S7 Edge":98,"Samsung Galaxy S8+":74,"Google Pixel 2 XL":56,"Huawei Nexus 6P":48,"LG V20":43,"Google Pixel 2":37,"HTC U11+":34,"Samsung Galaxy S8":28,"Nokia 7 Plus":25,"HTC One":24,"Moto Z":18,"OnePlus 5":15,"Samsung Galaxy S7":15,"Samsung Galaxy S6":12,"LG G5":11,"ZTE Axon 7":10,"Moto X":9,"OnePlus 3T":8,"LG V10":7,"HTC U11 Life":7,"Huawei P10":6,"Samsung Galaxy Note 4":6,"LG G4":5,"Google Nexus 5":5,"Huawei Mate 10":4,"HTC Desire 825":3,"Google Pixel C":2,"OnePlus 3":2,"Asus Zenfone 5Z":2,"Sony Xperia Z3 Compact":2,"OnePlus One":2,"Samsung Galaxy S9":1,"Samsung Galaxy S9+":1,"Honor 7X":1,"Moto G4 Plus":1,"Moto G":1,"OnePlus 5T":1,"Sony Xperia Z5":1,"Razer Phone":1,"Sony Xperia XZs":1,"Nextbit Robin":1},"percent":{"Google Pixel":2.166437414,"HTC 10":2.0288858322,"LG G6":1.7022008253,"Samsung Galaxy S7 Edge":1.6850068776,"Samsung Galaxy S8+":1.272352132,"Google Pixel 2 XL":0.9628610729,"Huawei Nexus 6P":0.8253094911,"LG V20":0.7393397524,"Google Pixel 2":0.636176066,"HTC U11+":0.5845942228,"Samsung Galaxy S8":0.4814305365,"Nokia 7 Plus":0.4298486933,"HTC One":0.4126547455,"Moto Z":0.3094910591,"OnePlus 5":0.257909216,"Samsung Galaxy S7":0.257909216,"Samsung Galaxy S6":0.2063273728,"LG G5":0.189133425,"ZTE Axon 7":0.1719394773,"Moto X":0.1547455296,"OnePlus 3T":0.1375515818,"LG V10":0.1203576341,"HTC U11 Life":0.1203576341,"Huawei P10":0.1031636864,"Samsung Galaxy Note 4":0.1031636864,"LG G4":0.0859697387,"Google Nexus 5":0.0859697387,"Huawei Mate 10":0.0687757909,"HTC Desire 825":0.0515818432,"Google Pixel C":0.0343878955,"OnePlus 3":0.0343878955,"Asus Zenfone 5Z":0.0343878955,"Sony Xperia Z3 Compact":0.0343878955,"OnePlus One":0.0343878955,"Samsung Galaxy S9":0.0171939477,"Samsung Galaxy S9+":0.0171939477,"Honor 7X":0.0171939477,"Moto G4 Plus":0.0171939477,"Moto G":0.0171939477,"OnePlus 5T":0.0171939477,"Sony Xperia Z5":0.0171939477,"Razer Phone":0.0171939477,"Sony Xperia XZs":0.0171939477,"Nextbit Robin":0.0171939477}}