{"count":{"Google":84,"Nexus":73,"Samsung":57,"Moto":35,"Huawei":24,"OnePlus":23,"Sony":21,"LG":11,"BlackBerry":7,"Honor":4,"Asus":4,"Nokia":1,"Xiaomi":1,"Nextbit":1},"percent":{"Google":6.9478908189,"Nexus":6.0380479735,"Samsung":4.7146401985,"Moto":2.8949545079,"Huawei":1.9851116625,"OnePlus":1.9023986766,"Sony":1.7369727047,"LG":0.9098428453,"BlackBerry":0.5789909016,"Honor":0.3308519438,"Asus":0.3308519438,"Nokia":0.0827129859,"Xiaomi":0.0827129859,"Nextbit":0.0827129859}}