{"count":{"Samsung Galaxy S7":614,"Samsung Galaxy S7 Edge":500,"Huawei Nexus 6P":344,"LG G5":263,"Moto X":182,"Samsung Galaxy S6":163,"HTC One":156,"Google Pixel":132,"LG V10":50,"ZTE Axon 7":41,"LG G4":32,"Google Nexus 5":31,"Samsung Galaxy Note 4":29,"Google Pixel 2 XL":27,"Sony Xperia Z3 Compact":27,"LG V20":25,"Sony Xperia Z5":15,"Nexus 9":14,"Moto Z":14,"Google Pixel 2":13,"HTC Desire 825":12,"Google Pixel C":11,"LG G6":9,"Moto G":8,"OnePlus 3":6,"Samsung Galaxy S8":5,"Huawei Mate 10":5,"HTC U11+":5,"OnePlus 3T":4,"Sony Xperia X Performance":4,"OnePlus 2":4,"OnePlus One":3,"Asus Zenfone 5Z":3,"OnePlus X":3,"Huawei P10":3,"Nokia 7 Plus":3,"Nokia 7":3,"ZTE Blade V9":2,"Moto G4 Plus":2,"Moto E 2015":1,"Moto G 2015":1,"Sony Xperia XA":1,"Moto X Style":1,"Xiaomi Mi 5":1,"Nextbit Robin":1,"LG X screen":1,"Huawei Mate 8":1,"BLU VIVO 8L":1},"percent":{"Samsung Galaxy S7":4.1621475054,"Samsung Galaxy S7 Edge":3.3893709328,"Huawei Nexus 6P":2.3318872017,"LG G5":1.7828091106,"Moto X":1.2337310195,"Samsung Galaxy S6":1.1049349241,"HTC One":1.057483731,"Google Pixel":0.8947939262,"LG V10":0.3389370933,"ZTE Axon 7":0.2779284165,"LG G4":0.2169197397,"Google Nexus 5":0.2101409978,"Samsung Galaxy Note 4":0.1965835141,"Google Pixel 2 XL":0.1830260304,"Sony Xperia Z3 Compact":0.1830260304,"LG V20":0.1694685466,"Sony Xperia Z5":0.101681128,"Nexus 9":0.0949023861,"Moto Z":0.0949023861,"Google Pixel 2":0.0881236443,"HTC Desire 825":0.0813449024,"Google Pixel C":0.0745661605,"LG G6":0.0610086768,"Moto G":0.0542299349,"OnePlus 3":0.0406724512,"Samsung Galaxy S8":0.0338937093,"Huawei Mate 10":0.0338937093,"HTC U11+":0.0338937093,"OnePlus 3T":0.0271149675,"Sony Xperia X Performance":0.0271149675,"OnePlus 2":0.0271149675,"OnePlus One":0.0203362256,"Asus Zenfone 5Z":0.0203362256,"OnePlus X":0.0203362256,"Huawei P10":0.0203362256,"Nokia 7 Plus":0.0203362256,"Nokia 7":0.0203362256,"ZTE Blade V9":0.0135574837,"Moto G4 Plus":0.0135574837,"Moto E 2015":0.0067787419,"Moto G 2015":0.0067787419,"Sony Xperia XA":0.0067787419,"Moto X Style":0.0067787419,"Xiaomi Mi 5":0.0067787419,"Nextbit Robin":0.0067787419,"LG X screen":0.0067787419,"Huawei Mate 8":0.0067787419,"BLU VIVO 8L":0.0067787419}}