{"count":{"HTC One":831,"Samsung Galaxy S6":665,"Samsung Galaxy S7 Edge":155,"Samsung Galaxy Note 4":114,"Sony Xperia Z3 Compact":56,"Google Pixel":45,"Moto X":36,"LG G4":33,"Google Nexus 5":28,"Nexus 9":27,"OnePlus One":12,"Samsung Galaxy S7":9,"HTC 10":7,"Moto E 2015":6,"HTC Desire 825":6,"Huawei Nexus 6P":6,"Asus Zenfone 5Z":4,"Moto G":4,"Xiaomi Mi A1":3,"LG G6":3,"OnePlus X":2,"OnePlus 3":2,"LG G5":1,"Nextbit Robin":1,"LG V10":1,"ZTE Axon 7":1,"Honor 7X":1,"Google Pixel 2 XL":1},"percent":{"HTC One":7.9727525664,"Samsung Galaxy S6":6.3801208865,"Samsung Galaxy S7 Edge":1.4870958457,"Samsung Galaxy Note 4":1.0937350091,"Sony Xperia Z3 Compact":0.5372733378,"Google Pixel":0.4317375036,"Moto X":0.3453900029,"LG G4":0.3166075026,"Google Nexus 5":0.2686366689,"Nexus 9":0.2590425022,"OnePlus One":0.115130001,"Samsung Galaxy S7":0.0863475007,"HTC 10":0.0671591672,"Moto E 2015":0.0575650005,"HTC Desire 825":0.0575650005,"Huawei Nexus 6P":0.0575650005,"Asus Zenfone 5Z":0.038376667,"Moto G":0.038376667,"Xiaomi Mi A1":0.0287825002,"LG G6":0.0287825002,"OnePlus X":0.0191883335,"OnePlus 3":0.0191883335,"LG G5":0.0095941667,"Nextbit Robin":0.0095941667,"LG V10":0.0095941667,"ZTE Axon 7":0.0095941667,"Honor 7X":0.0095941667,"Google Pixel 2 XL":0.0095941667}}