{"count":{"Samsung":274,"Google":266,"LG":132,"Honor":124,"Nexus":64,"Moto":39,"OnePlus":27,"HTC":26,"Nokia":21,"ZTE":19,"BlackBerry":16,"Sony":11,"Xiaomi":6,"BLU":3,"Asus":3},"percent":{"Samsung":6.4975100783,"Google":6.3078017548,"LG":3.130187337,"Honor":2.9404790135,"Nexus":1.5176665876,"Moto":0.9248280768,"OnePlus":0.6402655917,"HTC":0.6165520512,"Nokia":0.4979843491,"ZTE":0.4505572682,"BlackBerry":0.3794166469,"Sony":0.2608489447,"Xiaomi":0.1422812426,"BLU":0.0711406213,"Asus":0.0711406213}}