{"count":{"Huawei Mate 10":319,"Google Pixel 2 XL":37,"Google Pixel":25,"Huawei P10":24,"Huawei Nexus 6P":16,"Google Pixel 2":15,"LG G6":13,"Samsung Galaxy S7":9,"LG V20":8,"Samsung Galaxy S7 Edge":8,"Samsung Galaxy S9":6,"Honor 7X":6,"Nokia 7 Plus":5,"LG V10":5,"Samsung Galaxy S8":4,"Samsung Galaxy S8+":4,"HTC U11+":3,"Samsung Galaxy Note 4":3,"Huawei MediaPad M5":3,"Sony Xperia Z3 Compact":3,"LG G5":2,"LG G4":2,"Moto Z":2,"Samsung Galaxy S6":2,"Samsung Galaxy S9+":2,"HTC 10":1,"Honor View 10":1,"Razer Phone":1,"Huawei Mate 8":1,"OnePlus 5T":1,"HTC Desire 825":1,"OnePlus 5":1,"Nexus 9":1},"percent":{"Huawei Mate 10":13.0204081633,"Google Pixel 2 XL":1.5102040816,"Google Pixel":1.0204081633,"Huawei P10":0.9795918367,"Huawei Nexus 6P":0.6530612245,"Google Pixel 2":0.612244898,"LG G6":0.5306122449,"Samsung Galaxy S7":0.3673469388,"LG V20":0.3265306122,"Samsung Galaxy S7 Edge":0.3265306122,"Samsung Galaxy S9":0.2448979592,"Honor 7X":0.2448979592,"Nokia 7 Plus":0.2040816327,"LG V10":0.2040816327,"Samsung Galaxy S8":0.1632653061,"Samsung Galaxy S8+":0.1632653061,"HTC U11+":0.1224489796,"Samsung Galaxy Note 4":0.1224489796,"Huawei MediaPad M5":0.1224489796,"Sony Xperia Z3 Compact":0.1224489796,"LG G5":0.0816326531,"LG G4":0.0816326531,"Moto Z":0.0816326531,"Samsung Galaxy S6":0.0816326531,"Samsung Galaxy S9+":0.0816326531,"HTC 10":0.0408163265,"Honor View 10":0.0408163265,"Razer Phone":0.0408163265,"Huawei Mate 8":0.0408163265,"OnePlus 5T":0.0408163265,"HTC Desire 825":0.0408163265,"OnePlus 5":0.0408163265,"Nexus 9":0.0408163265}}