{"count":{"Huawei P10":216,"Huawei Mate 10":36,"LG G6":15,"Google Pixel":6,"Samsung Galaxy S6":6,"Samsung Galaxy S8+":5,"Huawei Nexus 6P":5,"Google Pixel 2 XL":4,"Sony Xperia Z3 Compact":4,"Huawei MediaPad M5":4,"Samsung Galaxy S8":4,"Samsung Galaxy S7 Edge":3,"Google Pixel 2":3,"Nokia 7 Plus":3,"Huawei Mate 8":2,"Samsung Galaxy Note 4":2,"OnePlus 5":2,"HTC 10":2,"LG V20":1,"OnePlus One":1,"Samsung Galaxy S7":1,"Google Nexus 5":1,"LG V10":1,"HTC One":1,"Moto X":1,"LG G5":1},"percent":{"Huawei P10":18.1056160939,"Huawei Mate 10":3.0176026823,"LG G6":1.257334451,"Google Pixel":0.5029337804,"Samsung Galaxy S6":0.5029337804,"Samsung Galaxy S8+":0.4191114837,"Huawei Nexus 6P":0.4191114837,"Google Pixel 2 XL":0.3352891869,"Sony Xperia Z3 Compact":0.3352891869,"Huawei MediaPad M5":0.3352891869,"Samsung Galaxy S8":0.3352891869,"Samsung Galaxy S7 Edge":0.2514668902,"Google Pixel 2":0.2514668902,"Nokia 7 Plus":0.2514668902,"Huawei Mate 8":0.1676445935,"Samsung Galaxy Note 4":0.1676445935,"OnePlus 5":0.1676445935,"HTC 10":0.1676445935,"LG V20":0.0838222967,"OnePlus One":0.0838222967,"Samsung Galaxy S7":0.0838222967,"Google Nexus 5":0.0838222967,"LG V10":0.0838222967,"HTC One":0.0838222967,"Moto X":0.0838222967,"LG G5":0.0838222967}}