{"count":{"Google":96,"Samsung":31,"Honor":16,"LG":12,"OnePlus":8,"Nexus":8,"Sony":7,"HTC":7,"Moto":5,"Xiaomi":2,"BlackBerry":1},"percent":{"Google":10.896708286,"Samsung":3.5187287174,"Honor":1.8161180477,"LG":1.3620885358,"OnePlus":0.9080590238,"Nexus":0.9080590238,"Sony":0.7945516459,"HTC":0.7945516459,"Moto":0.5675368899,"Xiaomi":0.227014756,"BlackBerry":0.113507378}}