{"count":{"Huawei Mate 10":164,"Samsung Galaxy S7 Edge":78,"Google Pixel":73,"Huawei Nexus 6P":62,"LG V20":50,"Samsung Galaxy S8+":41,"Huawei P10":39,"LG G6":36,"Google Pixel 2 XL":31,"Samsung Galaxy S7":31,"Moto Z":22,"Nokia 7 Plus":19,"ZTE Axon 7":16,"Samsung Galaxy Note 4":13,"OnePlus 3T":12,"Huawei Mate 8":10,"LG V10":9,"HTC 10":9,"Samsung Galaxy S6":7,"Moto X":7,"Samsung Galaxy S8":6,"LG G5":5,"Google Pixel 2":5,"Asus Zenfone 5Z":3,"OnePlus 5":3,"HTC One":3,"OnePlus 3":3,"Sony Xperia Z3 Compact":3,"Honor 7X":3,"LG G4":2,"Moto G4 Plus":1,"Samsung Galaxy S9":1,"OnePlus 5T":1,"Sony Xperia XA":1,"Google Pixel C":1,"Honor 9 Lite":1,"OnePlus 2":1,"HTC U11+":1,"OnePlus One":1},"percent":{"Huawei Mate 10":3.8890206308,"Samsung Galaxy S7 Edge":1.8496561537,"Google Pixel":1.7310884515,"Huawei Nexus 6P":1.4702395068,"LG V20":1.1856770216,"Samsung Galaxy S8+":0.9722551577,"Huawei P10":0.9248280768,"LG G6":0.8536874555,"Google Pixel 2 XL":0.7351197534,"Samsung Galaxy S7":0.7351197534,"Moto Z":0.5216978895,"Nokia 7 Plus":0.4505572682,"ZTE Axon 7":0.3794166469,"Samsung Galaxy Note 4":0.3082760256,"OnePlus 3T":0.2845624852,"Huawei Mate 8":0.2371354043,"LG V10":0.2134218639,"HTC 10":0.2134218639,"Samsung Galaxy S6":0.165994783,"Moto X":0.165994783,"Samsung Galaxy S8":0.1422812426,"LG G5":0.1185677022,"Google Pixel 2":0.1185677022,"Asus Zenfone 5Z":0.0711406213,"OnePlus 5":0.0711406213,"HTC One":0.0711406213,"OnePlus 3":0.0711406213,"Sony Xperia Z3 Compact":0.0711406213,"Honor 7X":0.0711406213,"LG G4":0.0474270809,"Moto G4 Plus":0.0237135404,"Samsung Galaxy S9":0.0237135404,"OnePlus 5T":0.0237135404,"Sony Xperia XA":0.0237135404,"Google Pixel C":0.0237135404,"Honor 9 Lite":0.0237135404,"OnePlus 2":0.0237135404,"HTC U11+":0.0237135404,"OnePlus One":0.0237135404}}