{"count":{"Honor":40,"Samsung":36,"Google":33,"LG":22,"Nexus":14,"BlackBerry":13,"Nokia":5,"Moto":5,"Sony":5,"OnePlus":4,"HTC":3,"Xiaomi":1},"percent":{"Honor":3.3528918692,"Samsung":3.0176026823,"Google":2.7661357921,"LG":1.8440905281,"Nexus":1.1735121542,"BlackBerry":1.0896898575,"Nokia":0.4191114837,"Moto":0.4191114837,"Sony":0.4191114837,"OnePlus":0.3352891869,"HTC":0.2514668902,"Xiaomi":0.0838222967}}