{"count":{"Google":1217,"Nexus":794,"Samsung":571,"HTC":472,"Moto":269,"Sony":108,"BlackBerry":66,"Nokia":62,"Asus":15,"Huawei":13,"ZTE":11,"BLU":7,"Honor":7,"Nextbit":3,"OnePlus":2,"Xiaomi":2,"Razer":1},"percent":{"Google":7.0444547349,"Nexus":4.5959712897,"Samsung":3.3051632322,"HTC":2.7321139153,"Moto":1.5570733966,"Sony":0.6251447094,"BlackBerry":0.382032878,"Nokia":0.3588793702,"Asus":0.0868256541,"Huawei":0.0752489002,"ZTE":0.0636721463,"BLU":0.0405186386,"Honor":0.0405186386,"Nextbit":0.0173651308,"OnePlus":0.0115767539,"Xiaomi":0.0115767539,"Razer":0.0057883769}}