{"count":{"Samsung Galaxy S7":293,"Samsung Galaxy S7 Edge":264,"LG V10":256,"Huawei Nexus 6P":107,"Samsung Galaxy S6":92,"HTC 10":85,"LG G6":83,"LG V20":81,"Samsung Galaxy Note 4":71,"LG G4":64,"Google Nexus 5":54,"HTC One":38,"Google Pixel":37,"Moto X":33,"Moto Z":25,"Sony Xperia Z3 Compact":16,"Google Pixel 2 XL":12,"Nexus 9":9,"ZTE Axon 7":8,"Moto G4 Plus":7,"Asus Zenfone 5Z":6,"OnePlus 3":5,"BLU VIVO 8L":3,"Google Pixel C":3,"Nextbit Robin":2,"Moto G":2,"Samsung Galaxy S8":2,"Xiaomi Mi 5":2,"Moto G 2015":1,"Samsung Galaxy S8+":1,"Nokia 7 Plus":1,"Google Pixel 2":1,"Moto E 2015":1,"Huawei Mate 8":1},"percent":{"Samsung Galaxy S7":3.4309133489,"Samsung Galaxy S7 Edge":3.0913348946,"LG V10":2.9976580796,"Huawei Nexus 6P":1.2529274005,"Samsung Galaxy S6":1.0772833724,"HTC 10":0.9953161593,"LG G6":0.9718969555,"LG V20":0.9484777518,"Samsung Galaxy Note 4":0.831381733,"LG G4":0.7494145199,"Google Nexus 5":0.6323185012,"HTC One":0.4449648712,"Google Pixel":0.4332552693,"Moto X":0.3864168618,"Moto Z":0.2927400468,"Sony Xperia Z3 Compact":0.18735363,"Google Pixel 2 XL":0.1405152225,"Nexus 9":0.1053864169,"ZTE Axon 7":0.093676815,"Moto G4 Plus":0.0819672131,"Asus Zenfone 5Z":0.0702576112,"OnePlus 3":0.0585480094,"BLU VIVO 8L":0.0351288056,"Google Pixel C":0.0351288056,"Nextbit Robin":0.0234192037,"Moto G":0.0234192037,"Samsung Galaxy S8":0.0234192037,"Xiaomi Mi 5":0.0234192037,"Moto G 2015":0.0117096019,"Samsung Galaxy S8+":0.0117096019,"Nokia 7 Plus":0.0117096019,"Google Pixel 2":0.0117096019,"Moto E 2015":0.0117096019,"Huawei Mate 8":0.0117096019}}