{"count":{"LG V20":614,"Google Pixel":359,"LG G5":346,"Samsung Galaxy S8+":333,"Samsung Galaxy S7 Edge":292,"Samsung Galaxy S7":180,"LG V10":127,"Google Pixel 2 XL":101,"Huawei Nexus 6P":80,"Nokia 7 Plus":69,"Samsung Galaxy S6":61,"Google Pixel 2":53,"Samsung Galaxy Note 4":51,"Samsung Galaxy S8":50,"Moto Z":49,"Moto X":37,"ZTE Axon 7":30,"LG G4":28,"OnePlus 3T":28,"Google Nexus 5":28,"OnePlus 5":21,"HTC 10":21,"Samsung Galaxy S9":17,"Huawei P10":15,"Sony Xperia Z3 Compact":12,"OnePlus One":10,"Huawei Mate 10":9,"Moto G":6,"HTC One":6,"OnePlus 3":6,"Asus Zenfone 5Z":4,"OnePlus 5T":4,"Samsung Galaxy S9+":3,"Sony Xperia XA":2,"BLU VIVO 8L":1,"OnePlus 2":1,"Nexus 9":1,"ZTE Blade V9":1,"LG V30S":1,"HTC U11 Life":1,"Xiaomi Mi 5":1},"percent":{"LG V20":4.0892440892,"Google Pixel":2.3909423909,"LG G5":2.3043623044,"Samsung Galaxy S8+":2.2177822178,"Samsung Galaxy S7 Edge":1.9447219447,"Samsung Galaxy S7":1.1988011988,"LG V10":0.8458208458,"Google Pixel 2 XL":0.6726606727,"Huawei Nexus 6P":0.5328005328,"Nokia 7 Plus":0.4595404595,"Samsung Galaxy S6":0.4062604063,"Google Pixel 2":0.352980353,"Samsung Galaxy Note 4":0.3396603397,"Samsung Galaxy S8":0.333000333,"Moto Z":0.3263403263,"Moto X":0.2464202464,"ZTE Axon 7":0.1998001998,"LG G4":0.1864801865,"OnePlus 3T":0.1864801865,"Google Nexus 5":0.1864801865,"OnePlus 5":0.1398601399,"HTC 10":0.1398601399,"Samsung Galaxy S9":0.1132201132,"Huawei P10":0.0999000999,"Sony Xperia Z3 Compact":0.0799200799,"OnePlus One":0.0666000666,"Huawei Mate 10":0.0599400599,"Moto G":0.03996004,"HTC One":0.03996004,"OnePlus 3":0.03996004,"Asus Zenfone 5Z":0.0266400266,"OnePlus 5T":0.0266400266,"Samsung Galaxy S9+":0.01998002,"Sony Xperia XA":0.0133200133,"BLU VIVO 8L":0.0066600067,"OnePlus 2":0.0066600067,"Nexus 9":0.0066600067,"ZTE Blade V9":0.0066600067,"LG V30S":0.0066600067,"HTC U11 Life":0.0066600067,"Xiaomi Mi 5":0.0066600067}}