{"count":{"Samsung":3053,"Google":2361,"Nexus":907,"Moto":591,"HTC":590,"Sony":266,"Huawei":111,"BlackBerry":107,"Asus":72,"Nokia":65,"OnePlus":46,"Honor":33,"ZTE":14,"BLU":9,"Xiaomi":8,"Nextbit":1},"percent":{"Samsung":6.8535895479,"Google":5.300139182,"Nexus":2.0360975172,"Moto":1.3267184483,"HTC":1.3244735779,"Sony":0.5971355453,"Huawei":0.2491806223,"BlackBerry":0.2402011404,"Asus":0.1616306739,"Nokia":0.1459165806,"OnePlus":0.1032640417,"Honor":0.0740807255,"ZTE":0.0314281866,"BLU":0.0202038342,"Xiaomi":0.0179589638,"Nextbit":0.0022448705}}