{"count":{"HTC One":325,"Moto X":210,"Google Nexus 5":208,"Samsung Galaxy S7 Edge":59,"Google Pixel":17,"Sony Xperia Z3 Compact":13,"Samsung Galaxy Note 4":13,"Moto G":12,"HTC Desire 825":11,"ZTE Blade V9":9,"LG G4":8,"LG G5":7,"Google Pixel 2 XL":5,"Samsung Galaxy S7":5,"Asus Zenfone 5Z":3,"Samsung Galaxy S6":3,"Nextbit Robin":3,"Huawei Nexus 6P":2,"LG V10":2,"OnePlus 3T":1,"LG G6":1,"Moto E 2015":1,"Xiaomi Mi A1":1,"Samsung Galaxy S9":1,"Huawei Mate 10":1},"percent":{"HTC One":1.8812225052,"Moto X":1.2155591572,"Google Nexus 5":1.2039824033,"Samsung Galaxy S7 Edge":0.3415142394,"Google Pixel":0.098402408,"Sony Xperia Z3 Compact":0.0752489002,"Samsung Galaxy Note 4":0.0752489002,"Moto G":0.0694605233,"HTC Desire 825":0.0636721463,"ZTE Blade V9":0.0520953925,"LG G4":0.0463070155,"LG G5":0.0405186386,"Google Pixel 2 XL":0.0289418847,"Samsung Galaxy S7":0.0289418847,"Asus Zenfone 5Z":0.0173651308,"Samsung Galaxy S6":0.0173651308,"Nextbit Robin":0.0173651308,"Huawei Nexus 6P":0.0115767539,"LG V10":0.0115767539,"OnePlus 3T":0.0057883769,"LG G6":0.0057883769,"Moto E 2015":0.0057883769,"Xiaomi Mi A1":0.0057883769,"Samsung Galaxy S9":0.0057883769,"Huawei Mate 10":0.0057883769}}