{"count":{"Google":2143,"Samsung":876,"Nexus":676,"HTC":331,"Moto":215,"Sony":88,"Nokia":76,"BlackBerry":64,"OnePlus":24,"Huawei":23,"Asus":17,"BLU":11,"Honor":11,"Xiaomi":7,"ZTE":5,"Elephone":1,"Nextbit":1},"percent":{"Google":7.2958158853,"Samsung":2.9823307119,"Nexus":2.3014332891,"HTC":1.1268852347,"Moto":0.7319647295,"Sony":0.299594866,"Nokia":0.2587410207,"BlackBerry":0.2178871753,"OnePlus":0.0817076907,"Huawei":0.0783032036,"Asus":0.0578762809,"BLU":0.0374493583,"Honor":0.0374493583,"Xiaomi":0.0238314098,"ZTE":0.0170224356,"Elephone":0.0034044871,"Nextbit":0.0034044871}}