{"count":{"Google Nexus 5":222,"Samsung Galaxy Note 4":184,"HTC One":140,"Samsung Galaxy S7 Edge":137,"Moto X":127,"Samsung Galaxy S6":120,"LG G4":60,"LG G5":58,"Sony Xperia Z3 Compact":33,"LG V10":32,"Moto G":32,"Samsung Galaxy S7":25,"Google Pixel":23,"OnePlus One":20,"Nexus 9":19,"Huawei Nexus 6P":17,"LG V20":13,"LG G6":11,"Asus Zenfone 5Z":6,"Google Pixel 2 XL":5,"Moto E 2015":4,"Moto X Style":3,"Sony Xperia Z5":3,"HTC Desire 825":2,"Moto G 2015":2,"ZTE Blade V9":1,"Xiaomi Mi A1":1,"OnePlus 3":1,"OnePlus X":1,"OnePlus 2":1,"Nextbit Robin":1,"Moto G4 Plus":1,"Moto Z":1,"Samsung Galaxy S 5":1},"percent":{"Google Nexus 5":0.7557961393,"Samsung Galaxy Note 4":0.626425629,"HTC One":0.476628196,"Samsung Galaxy S7 Edge":0.4664147346,"Moto X":0.4323698635,"Samsung Galaxy S6":0.4085384537,"LG G4":0.2042692268,"LG G5":0.1974602526,"Sony Xperia Z3 Compact":0.1123480748,"LG V10":0.1089435876,"Moto G":0.1089435876,"Samsung Galaxy S7":0.0851121779,"Google Pixel":0.0783032036,"OnePlus One":0.0680897423,"Nexus 9":0.0646852552,"Huawei Nexus 6P":0.0578762809,"LG V20":0.0442583325,"LG G6":0.0374493583,"Asus Zenfone 5Z":0.0204269227,"Google Pixel 2 XL":0.0170224356,"Moto E 2015":0.0136179485,"Moto X Style":0.0102134613,"Sony Xperia Z5":0.0102134613,"HTC Desire 825":0.0068089742,"Moto G 2015":0.0068089742,"ZTE Blade V9":0.0034044871,"Xiaomi Mi A1":0.0034044871,"OnePlus 3":0.0034044871,"OnePlus X":0.0034044871,"OnePlus 2":0.0034044871,"Nextbit Robin":0.0034044871,"Moto G4 Plus":0.0034044871,"Moto Z":0.0034044871,"Samsung Galaxy S 5":0.0034044871}}