{"count":{"Samsung":826,"Google":591,"Nexus":244,"Moto":155,"Huawei":147,"HTC":132,"Sony":70,"BlackBerry":61,"Nokia":51,"Asus":9,"Honor":8,"OnePlus":7,"Xiaomi":6,"ZTE":5,"BLU":5,"Nextbit":1},"percent":{"Samsung":5.3744550719,"Google":3.8454030841,"Nexus":1.5876114256,"Moto":1.0085236515,"Huawei":0.9564708179,"HTC":0.8588717548,"Sony":0.4554622942,"BlackBerry":0.3969028564,"Nokia":0.3318368144,"Asus":0.0585594378,"Honor":0.0520528336,"OnePlus":0.0455462294,"Xiaomi":0.0390396252,"ZTE":0.032533021,"BLU":0.032533021,"Nextbit":0.0065066042}}