{"count":{"Samsung":1133,"Google":839,"Huawei":139,"Nexus":107,"HTC":105,"Moto":90,"Sony":59,"ZTE":39,"OnePlus":33,"Nokia":32,"BlackBerry":18,"Razer":14,"Honor":13,"Xiaomi":9,"Asus":5,"BLU":3,"Nextbit":1},"percent":{"Samsung":11.3538430704,"Google":8.4076560778,"Huawei":1.3929251428,"Nexus":1.0722517286,"HTC":1.0522096402,"Moto":0.9018939774,"Sony":0.5912416074,"ZTE":0.3908207235,"OnePlus":0.3306944584,"Nokia":0.3206734142,"BlackBerry":0.1803787955,"Razer":0.1402946187,"Honor":0.1302735745,"Xiaomi":0.0901893977,"Asus":0.050105221,"BLU":0.0300631326,"Nextbit":0.0100210442}}