{"count":{"Samsung":2984,"Google":2082,"Nexus":304,"Moto":289,"HTC":289,"Huawei":211,"Sony":200,"Nokia":158,"BlackBerry":99,"ZTE":87,"OnePlus":82,"Asus":40,"Honor":27,"Xiaomi":15,"BLU":9,"Razer":1,"Nextbit":1,"Elephone":1},"percent":{"Samsung":7.7084032962,"Google":5.3783162409,"Nexus":0.785306502,"Moto":0.7465578259,"HTC":0.7465578259,"Huawei":0.5450647103,"Sony":0.5166490145,"Nokia":0.4081527214,"BlackBerry":0.2557412622,"ZTE":0.2247423213,"OnePlus":0.2118260959,"Asus":0.1033298029,"Honor":0.069747617,"Xiaomi":0.0387486761,"BLU":0.0232492057,"Razer":0.0025832451,"Nextbit":0.0025832451,"Elephone":0.0025832451}}