{"count":{"Samsung Galaxy Note 4":210,"Samsung Galaxy S7 Edge":205,"LG V20":151,"LG G5":144,"Huawei Nexus 6P":132,"Samsung Galaxy S6":130,"LG G4":87,"Moto X":79,"HTC One":52,"Samsung Galaxy S7":46,"Sony Xperia Z3 Compact":34,"Google Pixel":20,"Google Nexus 5":14,"LG G6":12,"Google Pixel 2 XL":10,"Moto G":8,"Huawei Mate 8":7,"Asus Zenfone 5Z":6,"Moto G4 Plus":6,"Nokia 7 Plus":5,"HTC 10":5,"Sony Xperia Z5":5,"Samsung Galaxy S8":4,"ZTE Axon 7":3,"BLU VIVO 8L":3,"Moto E 2015":3,"Samsung Galaxy S8+":2,"OnePlus One":2,"Moto Z":1,"Google Pixel 2":1,"Moto G 2015":1,"Xiaomi Mi A1":1,"Nextbit Robin":1,"OnePlus 2":1},"percent":{"Samsung Galaxy Note 4":1.3663868827,"Samsung Galaxy S7 Edge":1.3338538617,"LG V20":0.9824972347,"LG G5":0.9369510053,"Huawei Nexus 6P":0.8588717548,"Samsung Galaxy S6":0.8458585464,"LG G4":0.5660745657,"Moto X":0.5140217321,"HTC One":0.3383434186,"Samsung Galaxy S7":0.2993037934,"Sony Xperia Z3 Compact":0.2212245429,"Google Pixel":0.1301320841,"Google Nexus 5":0.0910924588,"LG G6":0.0780792504,"Google Pixel 2 XL":0.065066042,"Moto G":0.0520528336,"Huawei Mate 8":0.0455462294,"Asus Zenfone 5Z":0.0390396252,"Moto G4 Plus":0.0390396252,"Nokia 7 Plus":0.032533021,"HTC 10":0.032533021,"Sony Xperia Z5":0.032533021,"Samsung Galaxy S8":0.0260264168,"ZTE Axon 7":0.0195198126,"BLU VIVO 8L":0.0195198126,"Moto E 2015":0.0195198126,"Samsung Galaxy S8+":0.0130132084,"OnePlus One":0.0130132084,"Moto Z":0.0065066042,"Google Pixel 2":0.0065066042,"Moto G 2015":0.0065066042,"Xiaomi Mi A1":0.0065066042,"Nextbit Robin":0.0065066042,"OnePlus 2":0.0065066042}}