{"count":{"LG V10":1446,"Google Pixel":858,"LG G5":833,"Samsung Galaxy S7 Edge":625,"LG G6":619,"Samsung Galaxy Note 4":427,"Samsung Galaxy S7":301,"Google Pixel 2 XL":267,"Samsung Galaxy S6":148,"Moto Z":120,"Nokia 7 Plus":119,"Huawei Nexus 6P":111,"Samsung Galaxy S8+":104,"LG G4":75,"HTC 10":61,"ZTE Axon 7":57,"Samsung Galaxy S8":46,"Google Pixel 2":44,"Google Nexus 5":39,"Sony Xperia Z3 Compact":36,"Moto X":35,"OnePlus 3":32,"HTC One":30,"OnePlus 3T":22,"Samsung Galaxy S9":19,"Huawei Mate 10":16,"Moto E 2015":12,"Samsung Galaxy S9+":10,"Asus Zenfone 5Z":10,"OnePlus 5":9,"ZTE Blade V9":8,"Google Pixel C":7,"LG V30S":7,"Moto G":7,"Moto G4 Plus":6,"OnePlus 5T":5,"BLU VIVO 8L":4,"Huawei MediaPad M5":3,"Nexus 9":3,"OnePlus 2":2,"Xiaomi Mi A1":2,"Honor 7X":2,"Moto X Style":2,"Samsung Galaxy S 5":1,"Razer Phone":1,"Huawei P10":1,"Honor View 10":1,"BlackBerry Motion":1,"Huawei Mate 8":1,"Sony Xperia X Performance":1,"OnePlus One":1},"percent":{"LG V10":3.7353723748,"Google Pixel":2.2164242722,"LG G5":2.1518431454,"Samsung Galaxy S7 Edge":1.6145281703,"LG G6":1.5990286999,"Samsung Galaxy Note 4":1.1030456459,"Samsung Galaxy S7":0.7775567668,"Google Pixel 2 XL":0.6897264343,"Samsung Galaxy S6":0.3823202707,"Moto Z":0.3099894087,"Nokia 7 Plus":0.3074061636,"Huawei Nexus 6P":0.286740203,"Samsung Galaxy S8+":0.2686574875,"LG G4":0.1937433804,"HTC 10":0.1575779494,"ZTE Axon 7":0.1472449691,"Samsung Galaxy S8":0.1188292733,"Google Pixel 2":0.1136627832,"Google Nexus 5":0.1007465578,"Sony Xperia Z3 Compact":0.0929968226,"Moto X":0.0904135775,"OnePlus 3":0.0826638423,"HTC One":0.0774973522,"OnePlus 3T":0.0568313916,"Samsung Galaxy S9":0.0490816564,"Huawei Mate 10":0.0413319212,"Moto E 2015":0.0309989409,"Samsung Galaxy S9+":0.0258324507,"Asus Zenfone 5Z":0.0258324507,"OnePlus 5":0.0232492057,"ZTE Blade V9":0.0206659606,"Google Pixel C":0.0180827155,"LG V30S":0.0180827155,"Moto G":0.0180827155,"Moto G4 Plus":0.0154994704,"OnePlus 5T":0.0129162254,"BLU VIVO 8L":0.0103329803,"Huawei MediaPad M5":0.0077497352,"Nexus 9":0.0077497352,"OnePlus 2":0.0051664901,"Xiaomi Mi A1":0.0051664901,"Honor 7X":0.0051664901,"Moto X Style":0.0051664901,"Samsung Galaxy S 5":0.0025832451,"Razer Phone":0.0025832451,"Huawei P10":0.0025832451,"Honor View 10":0.0025832451,"BlackBerry Motion":0.0025832451,"Huawei Mate 8":0.0025832451,"Sony Xperia X Performance":0.0025832451,"OnePlus One":0.0025832451}}