{"count":{"Google":22,"Nexus":7,"Samsung":6,"LG":6,"Huawei":4,"HTC":2,"OnePlus":1},"percent":{"Google":9.0534979424,"Nexus":2.8806584362,"Samsung":2.4691358025,"LG":2.4691358025,"Huawei":1.646090535,"HTC":0.8230452675,"OnePlus":0.4115226337}}