{"count":{"Moto X":868,"Samsung Galaxy S7 Edge":458,"Samsung Galaxy Note 4":397,"Samsung Galaxy S6":107,"HTC One":97,"Sony Xperia Z3 Compact":94,"Google Nexus 5":70,"Moto G":66,"Google Pixel":61,"Huawei Nexus 6P":39,"Moto E 2015":35,"LG G4":35,"Google Pixel 2 XL":32,"Moto Z":30,"Samsung Galaxy S7":22,"LG G5":13,"Nexus 9":11,"HTC 10":10,"Samsung Galaxy S8":7,"ZTE Blade V9":7,"LG G6":6,"Asus Zenfone 5Z":6,"LG V20":5,"OnePlus One":5,"Nokia 7 Plus":4,"Samsung Galaxy S9":4,"Google Pixel 2":3,"Moto G4 Plus":3,"Sony Xperia Z5":2,"Samsung Galaxy S8+":2,"Honor 7X":2,"Samsung Galaxy S 5":2,"LG V10":2,"Huawei Mate 10":2,"Nextbit Robin":1,"OnePlus 3":1,"Moto X Style":1,"Xiaomi Mi A1":1,"OnePlus 5":1,"Samsung Galaxy S9+":1},"percent":{"Moto X":2.8647810159,"Samsung Galaxy S7 Edge":1.5116010429,"Samsung Galaxy Note 4":1.3102742665,"Samsung Galaxy S6":0.3531469685,"HTC One":0.320142579,"Sony Xperia Z3 Compact":0.3102412621,"Google Nexus 5":0.2310307271,"Moto G":0.2178289713,"Google Pixel":0.2013267765,"Huawei Nexus 6P":0.1287171194,"Moto E 2015":0.1155153635,"LG G4":0.1155153635,"Google Pixel 2 XL":0.1056140467,"Moto Z":0.0990131688,"Samsung Galaxy S7":0.0726096571,"LG G5":0.0429057065,"Nexus 9":0.0363048285,"HTC 10":0.0330043896,"Samsung Galaxy S8":0.0231030727,"ZTE Blade V9":0.0231030727,"LG G6":0.0198026338,"Asus Zenfone 5Z":0.0198026338,"LG V20":0.0165021948,"OnePlus One":0.0165021948,"Nokia 7 Plus":0.0132017558,"Samsung Galaxy S9":0.0132017558,"Google Pixel 2":0.0099013169,"Moto G4 Plus":0.0099013169,"Sony Xperia Z5":0.0066008779,"Samsung Galaxy S8+":0.0066008779,"Honor 7X":0.0066008779,"Samsung Galaxy S 5":0.0066008779,"LG V10":0.0066008779,"Huawei Mate 10":0.0066008779,"Nextbit Robin":0.003300439,"OnePlus 3":0.003300439,"Moto X Style":0.003300439,"Xiaomi Mi A1":0.003300439,"OnePlus 5":0.003300439,"Samsung Galaxy S9+":0.003300439}}