{"count":{"LG G5":30,"Moto G":8,"Moto X":5,"Moto G4 Plus":2,"Honor 7X":2,"Moto E 2015":1,"Google Pixel 2":1,"Moto Z":1,"Moto G 2015":1,"Huawei Nexus 6P":1,"OnePlus 5":1,"LG G6":1},"percent":{"LG G5":10.989010989,"Moto G":2.9304029304,"Moto X":1.8315018315,"Moto G4 Plus":0.7326007326,"Honor 7X":0.7326007326,"Moto E 2015":0.3663003663,"Google Pixel 2":0.3663003663,"Moto Z":0.3663003663,"Moto G 2015":0.3663003663,"Huawei Nexus 6P":0.3663003663,"OnePlus 5":0.3663003663,"LG G6":0.3663003663}}