{"count":{"Google":215,"Samsung":145,"Nexus":67,"LG":62,"Honor":25,"Huawei":25,"OnePlus":21,"HTC":10,"ZTE":9,"Sony":6,"BlackBerry":6,"Nokia":4,"Asus":2,"Xiaomi":1},"percent":{"Google":5.2349646944,"Samsung":3.5305575846,"Nexus":1.6313610908,"LG":1.5096177258,"Honor":0.6087168249,"Huawei":0.6087168249,"OnePlus":0.5113221329,"HTC":0.24348673,"ZTE":0.219138057,"Sony":0.146092038,"BlackBerry":0.146092038,"Nokia":0.097394692,"Asus":0.048697346,"Xiaomi":0.024348673}}