{"count":{"Moto X":17,"Moto Z":15,"Google Pixel":13,"LG G5":6,"Samsung Galaxy S7 Edge":4,"Samsung Galaxy S8+":4,"Google Nexus 5":3,"Nokia 7 Plus":3,"LG G6":3,"Samsung Galaxy S7":3,"Sony Xperia Z3 Compact":2,"OnePlus 3":2,"Google Pixel 2 XL":2,"Samsung Galaxy S8":2,"Huawei Nexus 6P":2,"ZTE Axon 7":1,"Moto G4 Plus":1,"Google Pixel 2":1,"OnePlus 5":1,"LG G4":1,"Samsung Galaxy S6":1,"Samsung Galaxy Note 4":1,"OnePlus 3T":1,"Moto G":1},"percent":{"Moto X":2.4390243902,"Moto Z":2.1520803443,"Google Pixel":1.8651362984,"LG G5":0.8608321377,"Samsung Galaxy S7 Edge":0.5738880918,"Samsung Galaxy S8+":0.5738880918,"Google Nexus 5":0.4304160689,"Nokia 7 Plus":0.4304160689,"LG G6":0.4304160689,"Samsung Galaxy S7":0.4304160689,"Sony Xperia Z3 Compact":0.2869440459,"OnePlus 3":0.2869440459,"Google Pixel 2 XL":0.2869440459,"Samsung Galaxy S8":0.2869440459,"Huawei Nexus 6P":0.2869440459,"ZTE Axon 7":0.143472023,"Moto G4 Plus":0.143472023,"Google Pixel 2":0.143472023,"OnePlus 5":0.143472023,"LG G4":0.143472023,"Samsung Galaxy S6":0.143472023,"Samsung Galaxy Note 4":0.143472023,"OnePlus 3T":0.143472023,"Moto G":0.143472023}}