{"count":{"Moto X":20,"Samsung Galaxy S7 Edge":6,"Moto G":3,"Moto X Style":3,"Moto G4 Plus":2,"Samsung Galaxy S7":2,"Moto Z":1,"Samsung Galaxy S6":1,"LG G5":1,"HTC Desire 825":1,"Moto E 2015":1,"Samsung Galaxy Note 4":1},"percent":{"Moto X":5.1813471503,"Samsung Galaxy S7 Edge":1.5544041451,"Moto G":0.7772020725,"Moto X Style":0.7772020725,"Moto G4 Plus":0.518134715,"Samsung Galaxy S7":0.518134715,"Moto Z":0.2590673575,"Samsung Galaxy S6":0.2590673575,"LG G5":0.2590673575,"HTC Desire 825":0.2590673575,"Moto E 2015":0.2590673575,"Samsung Galaxy Note 4":0.2590673575}}