{"count":{"Moto E 2015":4,"LG G6":1,"Moto X":1},"percent":{"Moto E 2015":15.3846153846,"LG G6":3.8461538462,"Moto X":3.8461538462}}