{"count":{"Moto":905,"Google":618,"Samsung":309,"Nexus":212,"LG":139,"Huawei":102,"HTC":62,"Sony":26,"BlackBerry":20,"Nokia":12,"ZTE":5,"Asus":4,"OnePlus":4,"Honor":3,"BLU":1,"Xiaomi":1},"percent":{"Moto":9.9145486415,"Google":6.7703768624,"Samsung":3.3851884312,"Nexus":2.3225241017,"LG":1.5227870289,"Huawei":1.1174408414,"HTC":0.6792287467,"Sony":0.2848378615,"BlackBerry":0.2191060473,"Nokia":0.1314636284,"ZTE":0.0547765118,"Asus":0.0438212095,"OnePlus":0.0438212095,"Honor":0.0328659071,"BLU":0.0109553024,"Xiaomi":0.0109553024}}