{"count":{"Nexus":17,"Google":14,"Samsung":10,"Huawei":8,"HTC":2,"LG":1,"Sony":1,"Asus":1,"OnePlus":1},"percent":{"Nexus":6.9958847737,"Google":5.7613168724,"Samsung":4.1152263374,"Huawei":3.29218107,"HTC":0.8230452675,"LG":0.4115226337,"Sony":0.4115226337,"Asus":0.4115226337,"OnePlus":0.4115226337}}