{"count":{"Moto X":575,"Google Nexus 5":106,"Samsung Galaxy S6":63,"Moto G":57,"LG G4":31,"Moto X Style":25,"Samsung Galaxy Note 4":24,"Sony Xperia Z3 Compact":18,"Moto G 2015":13,"Samsung Galaxy S7 Edge":13,"Asus Zenfone 5Z":11,"Sony Xperia Z5":8,"Moto G4 Plus":7,"Huawei Nexus 6P":6,"OnePlus 2":6,"Google Pixel":6,"Huawei MediaPad M5":5,"HTC One":4,"Moto Z":4,"OnePlus One":4,"Moto E 2015":3,"Samsung Galaxy S7":1,"HTC Desire 825":1},"percent":{"Moto X":20.2821869489,"Google Nexus 5":3.7389770723,"Samsung Galaxy S6":2.2222222222,"Moto G":2.0105820106,"LG G4":1.0934744268,"Moto X Style":0.8818342152,"Samsung Galaxy Note 4":0.8465608466,"Sony Xperia Z3 Compact":0.6349206349,"Moto G 2015":0.4585537919,"Samsung Galaxy S7 Edge":0.4585537919,"Asus Zenfone 5Z":0.3880070547,"Sony Xperia Z5":0.2821869489,"Moto G4 Plus":0.2469135802,"Huawei Nexus 6P":0.2116402116,"OnePlus 2":0.2116402116,"Google Pixel":0.2116402116,"Huawei MediaPad M5":0.176366843,"HTC One":0.1410934744,"Moto Z":0.1410934744,"OnePlus One":0.1410934744,"Moto E 2015":0.1058201058,"Samsung Galaxy S7":0.0352733686,"HTC Desire 825":0.0352733686}}