{"count":{"Moto Z":35,"Samsung Galaxy S8+":13,"Google Pixel":13,"LG V20":11,"LG G5":8,"Moto X":7,"Samsung Galaxy S7 Edge":6,"Sony Xperia Z3 Compact":6,"Moto G4 Plus":4,"Samsung Galaxy S7":4,"Google Pixel 2":4,"Samsung Galaxy S8":4,"LG G6":2,"OnePlus 5T":2,"HTC 10":2,"OnePlus 5":2,"LG G4":2,"Nokia 7 Plus":1,"OnePlus 3T":1,"Google Pixel 2 XL":1},"percent":{"Moto Z":3.8888888889,"Samsung Galaxy S8+":1.4444444444,"Google Pixel":1.4444444444,"LG V20":1.2222222222,"LG G5":0.8888888889,"Moto X":0.7777777778,"Samsung Galaxy S7 Edge":0.6666666667,"Sony Xperia Z3 Compact":0.6666666667,"Moto G4 Plus":0.4444444444,"Samsung Galaxy S7":0.4444444444,"Google Pixel 2":0.4444444444,"Samsung Galaxy S8":0.4444444444,"LG G6":0.2222222222,"OnePlus 5T":0.2222222222,"HTC 10":0.2222222222,"OnePlus 5":0.2222222222,"LG G4":0.2222222222,"Nokia 7 Plus":0.1111111111,"OnePlus 3T":0.1111111111,"Google Pixel 2 XL":0.1111111111}}