{"count":{"LG":32,"Google":10,"BlackBerry":3,"Samsung":3,"Honor":2,"Nexus":2,"Huawei":2,"HTC":1,"OnePlus":1},"percent":{"LG":11.7216117216,"Google":3.663003663,"BlackBerry":1.0989010989,"Samsung":1.0989010989,"Honor":0.7326007326,"Nexus":0.7326007326,"Huawei":0.7326007326,"HTC":0.3663003663,"OnePlus":0.3663003663}}