{"count":{"Google":302,"Nexus":241,"Samsung":136,"LG":63,"Sony":31,"HTC":18,"Huawei":14,"OnePlus":13,"Asus":12,"Honor":3,"Nokia":3,"Xiaomi":1},"percent":{"Google":10.6525573192,"Nexus":8.5008818342,"Samsung":4.7971781305,"LG":2.2222222222,"Sony":1.0934744268,"HTC":0.6349206349,"Huawei":0.4938271605,"OnePlus":0.4585537919,"Asus":0.4232804233,"Honor":0.1058201058,"Nokia":0.1058201058,"Xiaomi":0.0352733686}}