{"count":{"Google":19,"LG":5,"Samsung":5,"BlackBerry":2,"HTC":1},"percent":{"Google":7.2519083969,"LG":1.9083969466,"Samsung":1.9083969466,"BlackBerry":0.7633587786,"HTC":0.3816793893}}