{"count":{"Google":30,"LG":19,"Samsung":12,"Nexus":10,"Sony":2,"Huawei":2,"OnePlus":1,"Honor":1,"BLU":1,"HTC":1,"ZTE":1},"percent":{"Google":6.4655172414,"LG":4.0948275862,"Samsung":2.5862068966,"Nexus":2.1551724138,"Sony":0.4310344828,"Huawei":0.4310344828,"OnePlus":0.2155172414,"Honor":0.2155172414,"BLU":0.2155172414,"HTC":0.2155172414,"ZTE":0.2155172414}}