{"count":{"Nexus":1,"LG":1,"Sony":1},"percent":{"Nexus":3.8461538462,"LG":3.8461538462,"Sony":3.8461538462}}