{"count":{"Google":5,"Moto":3,"LG":2,"Sony":1,"Samsung":1,"Asus":1},"percent":{"Google":10.4166666667,"Moto":6.25,"LG":4.1666666667,"Sony":2.0833333333,"Samsung":2.0833333333,"Asus":2.0833333333}}