{"count":{"Google":516,"Nexus":486,"Samsung":185,"Moto":133,"LG":123,"HTC":87,"Sony":28,"BlackBerry":11,"Asus":6,"Nokia":6,"Huawei":5,"Xiaomi":5,"Honor":2,"BLU":1},"percent":{"Google":9.6919609316,"Nexus":9.128474831,"Samsung":3.4748309542,"Moto":2.498121713,"LG":2.3102930128,"HTC":1.634109692,"Sony":0.5259203606,"BlackBerry":0.2066115702,"Asus":0.1126972201,"Nokia":0.1126972201,"Huawei":0.0939143501,"Xiaomi":0.0939143501,"Honor":0.03756574,"BLU":0.01878287}}