{"count":{"Moto G":4,"Huawei Nexus 6P":4,"Moto X":3,"OnePlus One":2,"Asus Zenfone 5Z":1,"OnePlus 2":1,"Google Nexus 5":1,"LG V10":1},"percent":{"Moto G":2.9197080292,"Huawei Nexus 6P":2.9197080292,"Moto X":2.1897810219,"OnePlus One":1.4598540146,"Asus Zenfone 5Z":0.7299270073,"OnePlus 2":0.7299270073,"Google Nexus 5":0.7299270073,"LG V10":0.7299270073}}