{"count":{"Nexus":63,"Moto":61,"Google":48,"Samsung":32,"LG":18,"Huawei":12,"Asus":10,"Sony":7,"HTC":4,"BlackBerry":4,"Nokia":2,"BLU":2,"Nextbit":1,"ZTE":1,"Xiaomi":1},"percent":{"Nexus":6.8852459016,"Moto":6.6666666667,"Google":5.2459016393,"Samsung":3.4972677596,"LG":1.9672131148,"Huawei":1.3114754098,"Asus":1.0928961749,"Sony":0.7650273224,"HTC":0.4371584699,"BlackBerry":0.4371584699,"Nokia":0.218579235,"BLU":0.218579235,"Nextbit":0.1092896175,"ZTE":0.1092896175,"Xiaomi":0.1092896175}}