{"count":{"Moto X":30,"Google Nexus 5":17,"OnePlus One":17,"Moto X Style":16,"Samsung Galaxy S6":12,"Huawei Nexus 6P":11,"Asus Zenfone 5Z":10,"LG G4":7,"Samsung Galaxy Note 4":7,"OnePlus X":6,"OnePlus 3T":4,"OnePlus 3":4,"Sony Xperia Z3 Compact":3,"Samsung Galaxy S7 Edge":3,"Moto G4 Plus":2,"HTC One":2,"BLU VIVO 8L":1,"Nextbit Robin":1,"Moto G 2015":1,"Moto G":1,"Google Pixel":1},"percent":{"Moto X":3.2786885246,"Google Nexus 5":1.8579234973,"OnePlus One":1.8579234973,"Moto X Style":1.7486338798,"Samsung Galaxy S6":1.3114754098,"Huawei Nexus 6P":1.2021857923,"Asus Zenfone 5Z":1.0928961749,"LG G4":0.7650273224,"Samsung Galaxy Note 4":0.7650273224,"OnePlus X":0.6557377049,"OnePlus 3T":0.4371584699,"OnePlus 3":0.4371584699,"Sony Xperia Z3 Compact":0.3278688525,"Samsung Galaxy S7 Edge":0.3278688525,"Moto G4 Plus":0.218579235,"HTC One":0.218579235,"BLU VIVO 8L":0.1092896175,"Nextbit Robin":0.1092896175,"Moto G 2015":0.1092896175,"Moto G":0.1092896175,"Google Pixel":0.1092896175}}