{"count":{"ZTE":406,"Google":118,"Samsung":41,"Nexus":24,"LG":12,"Moto":4,"Sony":2,"Asus":2,"Huawei":1,"HTC":1,"BLU":1},"percent":{"ZTE":29.1457286432,"Google":8.4709260589,"Samsung":2.9432878679,"Nexus":1.7229002154,"LG":0.8614501077,"Moto":0.2871500359,"Sony":0.1435750179,"Asus":0.1435750179,"Huawei":0.071787509,"HTC":0.071787509,"BLU":0.071787509}}