{"count":{"ZTE Blade V9":27,"Samsung Galaxy S6":10,"Moto X":3,"Google Nexus 5":2,"Samsung Galaxy S8":1,"Samsung Galaxy S8+":1,"Google Pixel 2 XL":1,"LG V20":1,"LG V10":1,"Moto G":1,"Asus Zenfone 5Z":1},"percent":{"ZTE Blade V9":1.9382627423,"Samsung Galaxy S6":0.7178750897,"Moto X":0.2153625269,"Google Nexus 5":0.1435750179,"Samsung Galaxy S8":0.071787509,"Samsung Galaxy S8+":0.071787509,"Google Pixel 2 XL":0.071787509,"LG V20":0.071787509,"LG V10":0.071787509,"Moto G":0.071787509,"Asus Zenfone 5Z":0.071787509}}