{"count":{"Nextbit":21,"Google":18,"Samsung":4,"LG":2,"Honor":2,"Huawei":1,"Nexus":1},"percent":{"Nextbit":17.5,"Google":15.0,"Samsung":3.3333333333,"LG":1.6666666667,"Honor":1.6666666667,"Huawei":0.8333333333,"Nexus":0.8333333333}}