{"count":{"Samsung Galaxy S6":259,"Samsung Galaxy Note 4":208,"Samsung Galaxy S7":202,"Samsung Galaxy S7 Edge":186,"Samsung Galaxy S 5":59,"Google Nexus 5":50,"HTC One":49,"Huawei Nexus 6P":44,"Google Pixel":31,"LG G5":31,"Moto X":28,"Sony Xperia Z3 Compact":13,"LG G4":12,"Moto G":11,"Google Pixel 2 XL":10,"Samsung Galaxy S8":9,"Samsung Galaxy S8+":8,"OnePlus 3":5,"Xiaomi Mi A1":4,"Moto E 2015":4,"Asus Zenfone 5Z":4,"Moto G4 Plus":4,"LG V10":4,"LG V20":3,"ZTE Blade V9":2,"OnePlus 3T":2,"HTC 10":2,"Nexus 9":2,"Samsung Galaxy S9":2,"OnePlus One":2,"HTC Desire 825":2,"BLU VIVO 8L":2,"OnePlus 2":1,"Xiaomi Mi 5":1,"Honor 7X":1,"Moto G 2015":1,"LG G6":1},"percent":{"Samsung Galaxy S6":0.9218394077,"Samsung Galaxy Note 4":0.7403189066,"Samsung Galaxy S7":0.7189635535,"Samsung Galaxy S7 Edge":0.6620159453,"Samsung Galaxy S 5":0.2099943052,"Google Nexus 5":0.1779612756,"HTC One":0.1744020501,"Huawei Nexus 6P":0.1566059226,"Google Pixel":0.1103359909,"LG G5":0.1103359909,"Moto X":0.0996583144,"Sony Xperia Z3 Compact":0.0462699317,"LG G4":0.0427107062,"Moto G":0.0391514806,"Google Pixel 2 XL":0.0355922551,"Samsung Galaxy S8":0.0320330296,"Samsung Galaxy S8+":0.0284738041,"OnePlus 3":0.0177961276,"Xiaomi Mi A1":0.0142369021,"Moto E 2015":0.0142369021,"Asus Zenfone 5Z":0.0142369021,"Moto G4 Plus":0.0142369021,"LG V10":0.0142369021,"LG V20":0.0106776765,"ZTE Blade V9":0.007118451,"OnePlus 3T":0.007118451,"HTC 10":0.007118451,"Nexus 9":0.007118451,"Samsung Galaxy S9":0.007118451,"OnePlus One":0.007118451,"HTC Desire 825":0.007118451,"BLU VIVO 8L":0.007118451,"OnePlus 2":0.0035592255,"Xiaomi Mi 5":0.0035592255,"Honor 7X":0.0035592255,"Moto G 2015":0.0035592255,"LG G6":0.0035592255}}