{"count":{"Google":2862,"LG":957,"Nokia":276,"Nexus":209,"Huawei":184,"BlackBerry":160,"HTC":149,"Moto":148,"Sony":75,"OnePlus":60,"Honor":59,"ZTE":39,"BLU":15,"Asus":11,"Xiaomi":9,"Nextbit":5,"Maze":1,"Razer":1},"percent":{"Google":6.6727285444,"LG":2.2312373225,"Nokia":0.6434916416,"Nexus":0.4872817141,"Huawei":0.4289944277,"BlackBerry":0.3730386328,"HTC":0.3473922268,"Moto":0.3450607354,"Sony":0.1748618591,"OnePlus":0.1398894873,"Honor":0.1375579958,"ZTE":0.0909281667,"BLU":0.0349723718,"Asus":0.025646406,"Xiaomi":0.0209834231,"Nextbit":0.0116574573,"Maze":0.0023314915,"Razer":0.0023314915}}