{"count":{"Samsung Galaxy S7":35,"Samsung Galaxy S8":24,"Samsung Galaxy S8+":16,"Samsung Galaxy S7 Edge":11,"Google Pixel":9,"Samsung Galaxy S6":7,"Google Pixel 2 XL":6,"LG G6":3,"Google Pixel 2":2,"Huawei Nexus 6P":2,"Samsung Galaxy Note 4":2,"BlackBerry Motion":1,"LG V20":1,"Sony Xperia Z5":1},"percent":{"Samsung Galaxy S7":6.9306930693,"Samsung Galaxy S8":4.7524752475,"Samsung Galaxy S8+":3.1683168317,"Samsung Galaxy S7 Edge":2.1782178218,"Google Pixel":1.7821782178,"Samsung Galaxy S6":1.3861386139,"Google Pixel 2 XL":1.1881188119,"LG G6":0.5940594059,"Google Pixel 2":0.396039604,"Huawei Nexus 6P":0.396039604,"Samsung Galaxy Note 4":0.396039604,"BlackBerry Motion":0.198019802,"LG V20":0.198019802,"Sony Xperia Z5":0.198019802}}