{"count":{"Google":2602,"Nexus":310,"LG":202,"HTC":139,"Sony":75,"Moto":69,"Huawei":53,"BlackBerry":52,"Nokia":24,"Asus":24,"Honor":12,"ZTE":11,"OnePlus":11,"Xiaomi":6,"BLU":5},"percent":{"Google":9.2611047836,"Nexus":1.1033599089,"LG":0.7189635535,"HTC":0.4947323462,"Sony":0.2669419134,"Moto":0.2455865604,"Huawei":0.1886389522,"BlackBerry":0.1850797267,"Nokia":0.0854214123,"Asus":0.0854214123,"Honor":0.0427107062,"ZTE":0.0391514806,"OnePlus":0.0391514806,"Xiaomi":0.0213553531,"BLU":0.0177961276}}