{"count":{"Google":2362,"LG":1603,"Nexus":530,"Nokia":525,"HTC":387,"Huawei":304,"Moto":277,"BlackBerry":198,"ZTE":121,"Honor":102,"Sony":86,"OnePlus":76,"Asus":38,"Nextbit":24,"Xiaomi":17,"BLU":16,"Elephone":2,"Razer":1},"percent":{"Google":2.9938525889,"LG":2.0318144369,"Nexus":0.6717789467,"Nokia":0.6654414095,"HTC":0.4905253818,"Huawei":0.3853222638,"Moto":0.3510995627,"BlackBerry":0.2509664744,"ZTE":0.153368401,"Honor":0.1292857596,"Sony":0.1090056404,"OnePlus":0.0963305659,"Asus":0.048165283,"Nextbit":0.0304201787,"Xiaomi":0.0215476266,"BLU":0.0202801191,"Elephone":0.0025350149,"Razer":0.0012675074}}