{"count":{"Samsung Galaxy S7 Edge":3684,"Samsung Galaxy Note 4":1306,"Samsung Galaxy S7":403,"Moto X":312,"Google Nexus 5":275,"HTC One":273,"Sony Xperia Z3 Compact":250,"LG G4":163,"Asus Zenfone 5Z":78,"Huawei Nexus 6P":72,"Google Pixel":53,"Moto G":41,"OnePlus One":39,"LG G6":31,"Nexus 9":27,"Google Pixel 2 XL":13,"Moto X Style":11,"Sony Xperia Z5":11,"Samsung Galaxy S8+":11,"LG G5":10,"Samsung Galaxy S 5":7,"LG V10":7,"Samsung Galaxy S8":7,"OnePlus 2":5,"Moto E 2015":5,"Moto G4 Plus":3,"HTC Desire 825":3,"Samsung Galaxy S9":3,"LG V20":3,"BLU VIVO 8L":2,"Honor 7X":2,"ZTE Blade V9":2,"HTC 10":2,"Xiaomi Mi A1":1,"Moto Z":1,"Huawei MediaPad M5":1,"Sony Xperia X Performance":1,"Google Pixel C":1,"Nextbit Robin":1,"OnePlus X":1,"Google Pixel 2":1,"Nokia 7 Plus":1,"Huawei Mate 8":1},"percent":{"Samsung Galaxy S7 Edge":5.2847511117,"Samsung Galaxy Note 4":1.8734758284,"Samsung Galaxy S7":0.57810931,"Moto X":0.4475684981,"Google Nexus 5":0.3944914646,"HTC One":0.3916224358,"Sony Xperia Z3 Compact":0.3586286042,"LG G4":0.2338258499,"Asus Zenfone 5Z":0.1118921245,"Huawei Nexus 6P":0.103285038,"Google Pixel":0.0760292641,"Moto G":0.0588150911,"OnePlus One":0.0559460623,"LG G6":0.0444699469,"Nexus 9":0.0387318893,"Google Pixel 2 XL":0.0186486874,"Moto X Style":0.0157796586,"Sony Xperia Z5":0.0157796586,"Samsung Galaxy S8+":0.0157796586,"LG G5":0.0143451442,"Samsung Galaxy S 5":0.0100416009,"LG V10":0.0100416009,"Samsung Galaxy S8":0.0100416009,"OnePlus 2":0.0071725721,"Moto E 2015":0.0071725721,"Moto G4 Plus":0.0043035433,"HTC Desire 825":0.0043035433,"Samsung Galaxy S9":0.0043035433,"LG V20":0.0043035433,"BLU VIVO 8L":0.0028690288,"Honor 7X":0.0028690288,"ZTE Blade V9":0.0028690288,"HTC 10":0.0028690288,"Xiaomi Mi A1":0.0014345144,"Moto Z":0.0014345144,"Huawei MediaPad M5":0.0014345144,"Sony Xperia X Performance":0.0014345144,"Google Pixel C":0.0014345144,"Nextbit Robin":0.0014345144,"OnePlus X":0.0014345144,"Google Pixel 2":0.0014345144,"Nokia 7 Plus":0.0014345144,"Huawei Mate 8":0.0014345144}}