{"count":{"Samsung Galaxy S7 Edge":3304,"Samsung Galaxy S7":1477,"Samsung Galaxy Note 4":1201,"LG V20":997,"Google Pixel":662,"Nokia 7 Plus":478,"Samsung Galaxy S6":385,"Google Pixel 2 XL":305,"Huawei Nexus 6P":243,"LG V10":168,"HTC 10":140,"Moto Z":118,"LG G5":116,"ZTE Axon 7":86,"LG G4":68,"Samsung Galaxy S8":56,"OnePlus 3":53,"Moto X":47,"Google Nexus 5":41,"HTC One":40,"Nextbit Robin":19,"Asus Zenfone 5Z":17,"Sony Xperia Z3 Compact":17,"Moto G4 Plus":14,"Samsung Galaxy S8+":13,"ZTE Blade V9":9,"Huawei Mate 8":9,"OnePlus One":7,"Moto G":6,"LG G6":6,"Google Pixel C":5,"Samsung Galaxy S9":5,"Nexus 9":5,"OnePlus 3T":4,"Moto E 2015":3,"BLU VIVO 8L":3,"Sony Xperia Z5":2,"Moto X Style":2,"Xiaomi Mi A1":1,"Sony Xperia X Performance":1},"percent":{"Samsung Galaxy S7 Edge":4.1878446036,"Samsung Galaxy S7":1.8721084986,"Samsung Galaxy Note 4":1.5222764434,"LG V20":1.2637049243,"Google Pixel":0.8390899297,"Nokia 7 Plus":0.6058685595,"Samsung Galaxy S6":0.4879903669,"Google Pixel 2 XL":0.3865897712,"Huawei Nexus 6P":0.3080043095,"LG V10":0.212941251,"HTC 10":0.1774510425,"Moto Z":0.1495658787,"LG G5":0.1470308638,"ZTE Axon 7":0.1090056404,"LG G4":0.0861905064,"Samsung Galaxy S8":0.070980417,"OnePlus 3":0.0671778947,"Moto X":0.05957285,"Google Nexus 5":0.0519678053,"HTC One":0.0507002979,"Nextbit Robin":0.0240826415,"Asus Zenfone 5Z":0.0215476266,"Sony Xperia Z3 Compact":0.0215476266,"Moto G4 Plus":0.0177451043,"Samsung Galaxy S8+":0.0164775968,"ZTE Blade V9":0.011407567,"Huawei Mate 8":0.011407567,"OnePlus One":0.0088725521,"Moto G":0.0076050447,"LG G6":0.0076050447,"Google Pixel C":0.0063375372,"Samsung Galaxy S9":0.0063375372,"Nexus 9":0.0063375372,"OnePlus 3T":0.0050700298,"Moto E 2015":0.0038025223,"BLU VIVO 8L":0.0038025223,"Sony Xperia Z5":0.0025350149,"Moto X Style":0.0025350149,"Xiaomi Mi A1":0.0012675074,"Sony Xperia X Performance":0.0012675074}}