{"count":{"Samsung Galaxy Note 4":1181,"Samsung Galaxy S7 Edge":993,"Samsung Galaxy S6":839,"Samsung Galaxy S7":328,"Huawei Nexus 6P":108,"Google Pixel":95,"Moto X":87,"LG V20":84,"LG G4":69,"LG V10":55,"Google Pixel 2 XL":52,"Google Nexus 5":50,"Samsung Galaxy S8+":43,"Nokia 7 Plus":34,"HTC One":31,"LG G5":16,"Asus Zenfone 5Z":12,"HTC 10":11,"OnePlus One":11,"Sony Xperia Z3 Compact":10,"Samsung Galaxy S8":9,"LG G6":8,"Sony Xperia Z5":8,"OnePlus 3":7,"ZTE Axon 7":7,"Moto G":6,"Nexus 9":5,"Moto X Style":5,"Moto Z":4,"Google Pixel C":4,"OnePlus 2":4,"Moto E 2015":3,"Samsung Galaxy S 5":3,"ZTE Blade V9":3,"Moto G 2015":2,"Samsung Galaxy S9":2,"Xiaomi Mi A1":2,"Honor 7X":1,"Moto G4 Plus":1,"Sony Xperia XZs":1,"Huawei Mate 8":1,"Nextbit Robin":1,"Samsung Galaxy S9+":1,"Google Pixel 2":1},"percent":{"Samsung Galaxy Note 4":3.345988214,"Samsung Galaxy S7 Edge":2.8133499547,"Samsung Galaxy S6":2.3770398912,"Samsung Galaxy S7":0.9292837715,"Huawei Nexus 6P":0.3059836809,"Google Pixel":0.2691523119,"Moto X":0.246486854,"LG V20":0.2379873073,"LG G4":0.1954895739,"LG V10":0.1558250227,"Google Pixel 2 XL":0.147325476,"Google Nexus 5":0.1416591115,"Samsung Galaxy S8+":0.1218268359,"Nokia 7 Plus":0.0963281958,"HTC One":0.0878286491,"LG G5":0.0453309157,"Asus Zenfone 5Z":0.0339981868,"HTC 10":0.0311650045,"OnePlus One":0.0311650045,"Sony Xperia Z3 Compact":0.0283318223,"Samsung Galaxy S8":0.0254986401,"LG G6":0.0226654578,"Sony Xperia Z5":0.0226654578,"OnePlus 3":0.0198322756,"ZTE Axon 7":0.0198322756,"Moto G":0.0169990934,"Nexus 9":0.0141659112,"Moto X Style":0.0141659112,"Moto Z":0.0113327289,"Google Pixel C":0.0113327289,"OnePlus 2":0.0113327289,"Moto E 2015":0.0084995467,"Samsung Galaxy S 5":0.0084995467,"ZTE Blade V9":0.0084995467,"Moto G 2015":0.0056663645,"Samsung Galaxy S9":0.0056663645,"Xiaomi Mi A1":0.0056663645,"Honor 7X":0.0028331822,"Moto G4 Plus":0.0028331822,"Sony Xperia XZs":0.0028331822,"Huawei Mate 8":0.0028331822,"Nextbit Robin":0.0028331822,"Samsung Galaxy S9+":0.0028331822,"Google Pixel 2":0.0028331822}}