{"count":{"Google":10,"LG":5,"BlackBerry":4,"Huawei":2,"Moto":1,"Sony":1},"percent":{"Google":1.9801980198,"LG":0.9900990099,"BlackBerry":0.7920792079,"Huawei":0.396039604,"Moto":0.198019802,"Sony":0.198019802}}