{"count":{"Samsung Galaxy S9":1103,"Samsung Galaxy S9+":815,"Samsung Galaxy S8+":252,"Samsung Galaxy S7":195,"Google Pixel":167,"Samsung Galaxy S7 Edge":162,"Google Pixel 2 XL":120,"Google Pixel 2":103,"Samsung Galaxy S6":68,"LG V20":44,"LG G6":26,"Samsung Galaxy Note 4":18,"OnePlus 5T":16,"Huawei Nexus 6P":14,"Samsung Galaxy S8":13,"Huawei Mate 10":12,"Sony Xperia Z3 Compact":8,"LG G5":6,"Sony Xperia Z5":5,"Nokia 7 Plus":4,"Moto X":3,"Nextbit Robin":2,"Google Nexus 5":2,"HTC One":2,"LG V30S":2,"Moto Z":2,"LG V10":2,"Xiaomi Mi A1":2,"Razer Phone":2,"Samsung Galaxy A8+":2,"ZTE Blade V9":1,"OnePlus 3T":1,"Honor View 10":1,"Huawei P10":1,"ZTE Axon 7":1,"OnePlus 5":1,"OnePlus 3":1,"HTC U11+":1},"percent":{"Samsung Galaxy S9":14.177377892,"Samsung Galaxy S9+":10.4755784062,"Samsung Galaxy S8+":3.2390745501,"Samsung Galaxy S7":2.5064267352,"Google Pixel":2.146529563,"Samsung Galaxy S7 Edge":2.0822622108,"Google Pixel 2 XL":1.5424164524,"Google Pixel 2":1.323907455,"Samsung Galaxy S6":0.8740359897,"LG V20":0.5655526992,"LG G6":0.3341902314,"Samsung Galaxy Note 4":0.2313624679,"OnePlus 5T":0.205655527,"Huawei Nexus 6P":0.1799485861,"Samsung Galaxy S8":0.1670951157,"Huawei Mate 10":0.1542416452,"Sony Xperia Z3 Compact":0.1028277635,"LG G5":0.0771208226,"Sony Xperia Z5":0.0642673522,"Nokia 7 Plus":0.0514138817,"Moto X":0.0385604113,"Nextbit Robin":0.0257069409,"Google Nexus 5":0.0257069409,"HTC One":0.0257069409,"LG V30S":0.0257069409,"Moto Z":0.0257069409,"LG V10":0.0257069409,"Xiaomi Mi A1":0.0257069409,"Razer Phone":0.0257069409,"Samsung Galaxy A8+":0.0257069409,"ZTE Blade V9":0.0128534704,"OnePlus 3T":0.0128534704,"Honor View 10":0.0128534704,"Huawei P10":0.0128534704,"ZTE Axon 7":0.0128534704,"OnePlus 5":0.0128534704,"OnePlus 3":0.0128534704,"HTC U11+":0.0128534704}}