{"count":{"Google":853,"Nexus":105,"LG":93,"HTC":61,"Huawei":57,"Moto":48,"BlackBerry":31,"Honor":19,"Sony":17,"ZTE":17,"Nokia":11,"OnePlus":10,"Asus":7,"BLU":3,"Xiaomi":2,"Maze":1},"percent":{"Google":5.0695352431,"Nexus":0.6240342327,"LG":0.5527160347,"HTC":0.3625341733,"Huawei":0.3387614406,"Moto":0.2852727921,"BlackBerry":0.1842386782,"Honor":0.1129204802,"Sony":0.1010341139,"ZTE":0.1010341139,"Nokia":0.0653750149,"OnePlus":0.0594318317,"Asus":0.0416022822,"BLU":0.0178295495,"Xiaomi":0.0118863663,"Maze":0.0059431832}}