{"count":{"Google":521,"LG":120,"Huawei":37,"Nokia":32,"HTC":30,"OnePlus":28,"Nexus":22,"Sony":22,"BlackBerry":12,"Moto":10,"Honor":4,"ZTE":3,"BLU":2,"Razer":2,"Nextbit":2,"Xiaomi":2,"Asus":1},"percent":{"Google":6.6966580977,"LG":1.5424164524,"Huawei":0.4755784062,"Nokia":0.411311054,"HTC":0.3856041131,"OnePlus":0.3598971722,"Nexus":0.2827763496,"Sony":0.2827763496,"BlackBerry":0.1542416452,"Moto":0.1285347044,"Honor":0.0514138817,"ZTE":0.0385604113,"BLU":0.0257069409,"Razer":0.0257069409,"Nextbit":0.0257069409,"Xiaomi":0.0257069409,"Asus":0.0128534704}}