{"count":{"Samsung Galaxy S6":926,"Samsung Galaxy S7 Edge":89,"Samsung Galaxy S7":75,"Samsung Galaxy Note 4":25,"Huawei Nexus 6P":21,"Google Nexus 5":11,"Moto X":10,"LG G4":8,"HTC One":7,"Sony Xperia Z3 Compact":7,"OnePlus One":5,"Asus Zenfone 5Z":4,"Moto Z":1,"Google Pixel":1,"LG V10":1,"ZTE Axon 7":1,"ZTE Blade V9":1},"percent":{"Samsung Galaxy S6":22.5908758234,"Samsung Galaxy S7 Edge":2.1712612832,"Samsung Galaxy S7":1.8297145645,"Samsung Galaxy Note 4":0.6099048548,"Huawei Nexus 6P":0.5123200781,"Google Nexus 5":0.2683581361,"Moto X":0.2439619419,"LG G4":0.1951695535,"HTC One":0.1707733594,"Sony Xperia Z3 Compact":0.1707733594,"OnePlus One":0.121980971,"Asus Zenfone 5Z":0.0975847768,"Moto Z":0.0243961942,"Google Pixel":0.0243961942,"LG V10":0.0243961942,"ZTE Axon 7":0.0243961942,"ZTE Blade V9":0.0243961942}}