{"count":{"Google":59,"Samsung":47,"Nexus":42,"Huawei":30,"Moto":16,"HTC":15,"LG":9,"BlackBerry":3,"Asus":3,"OnePlus":2,"Xiaomi":1,"Nokia":1},"percent":{"Google":6.399132321,"Samsung":5.0976138829,"Nexus":4.5553145336,"Huawei":3.2537960954,"Moto":1.7353579176,"HTC":1.6268980477,"LG":0.9761388286,"BlackBerry":0.3253796095,"Asus":0.3253796095,"OnePlus":0.2169197397,"Xiaomi":0.1084598698,"Nokia":0.1084598698}}