{"count":{"Google":1,"Honor":1,"BlackBerry":1},"percent":{"Google":4.1666666667,"Honor":4.1666666667,"BlackBerry":4.1666666667}}