{"count":{"Sony Xperia Z3 Compact":42,"Sony Xperia X Performance":32,"Sony Xperia XA":9,"Sony Xperia Z5":7,"Google Pixel":3,"Huawei Nexus 6P":3,"Samsung Galaxy S7 Edge":3,"Samsung Galaxy Note 4":2,"LG V10":2,"Sony Xperia XZs":2,"Samsung Galaxy S7":2,"Moto G4 Plus":2,"Moto X":2,"HTC 10":1,"ZTE Axon 7":1,"Moto E 2015":1,"Moto Z":1,"LG G5":1,"Google Pixel 2 XL":1},"percent":{"Sony Xperia Z3 Compact":15.1624548736,"Sony Xperia X Performance":11.5523465704,"Sony Xperia XA":3.2490974729,"Sony Xperia Z5":2.5270758123,"Google Pixel":1.083032491,"Huawei Nexus 6P":1.083032491,"Samsung Galaxy S7 Edge":1.083032491,"Samsung Galaxy Note 4":0.7220216606,"LG V10":0.7220216606,"Sony Xperia XZs":0.7220216606,"Samsung Galaxy S7":0.7220216606,"Moto G4 Plus":0.7220216606,"Moto X":0.7220216606,"HTC 10":0.3610108303,"ZTE Axon 7":0.3610108303,"Moto E 2015":0.3610108303,"Moto Z":0.3610108303,"LG G5":0.3610108303,"Google Pixel 2 XL":0.3610108303}}