{"count":{"Moto":3,"BlackBerry":1,"LG":1,"Huawei":1,"Nexus":1,"ZTE":1,"Samsung":1},"percent":{"Moto":3.2258064516,"BlackBerry":1.0752688172,"LG":1.0752688172,"Huawei":1.0752688172,"Nexus":1.0752688172,"ZTE":1.0752688172,"Samsung":1.0752688172}}