{"count":{"Sony Xperia Z5":63,"Samsung Galaxy S7 Edge":11,"Sony Xperia Z3 Compact":8,"Samsung Galaxy S6":7,"Samsung Galaxy S7":5,"Samsung Galaxy Note 4":5,"Samsung Galaxy S8+":2,"Google Pixel":2,"Moto X":2,"Sony Xperia XA":1,"Google Nexus 5":1,"Huawei Nexus 6P":1,"LG G4":1,"HTC One":1},"percent":{"Sony Xperia Z5":19.4444444444,"Samsung Galaxy S7 Edge":3.3950617284,"Sony Xperia Z3 Compact":2.4691358025,"Samsung Galaxy S6":2.1604938272,"Samsung Galaxy S7":1.5432098765,"Samsung Galaxy Note 4":1.5432098765,"Samsung Galaxy S8+":0.6172839506,"Google Pixel":0.6172839506,"Moto X":0.6172839506,"Sony Xperia XA":0.3086419753,"Google Nexus 5":0.3086419753,"Huawei Nexus 6P":0.3086419753,"LG G4":0.3086419753,"HTC One":0.3086419753}}