{"count":{"Samsung Galaxy Note 4":13,"Xiaomi Mi 5":12,"Google Pixel":9,"Xiaomi Mi A1":5,"Samsung Galaxy S7 Edge":4,"HTC 10":3,"Huawei Nexus 6P":3,"Google Nexus 5":2,"ZTE Axon 7":2,"Samsung Galaxy S7":2,"LG V20":2,"Elephone S8":2,"Samsung Galaxy S8+":2,"Moto G4 Plus":1,"Nextbit Robin":1,"LG G5":1,"OnePlus 3T":1,"LG G4":1,"Nokia 7 Plus":1,"Google Pixel 2 XL":1,"Moto G":1,"Asus Zenfone 5Z":1,"LG V10":1,"HTC One":1,"OnePlus 3":1},"percent":{"Samsung Galaxy Note 4":3.5326086957,"Xiaomi Mi 5":3.2608695652,"Google Pixel":2.4456521739,"Xiaomi Mi A1":1.3586956522,"Samsung Galaxy S7 Edge":1.0869565217,"HTC 10":0.8152173913,"Huawei Nexus 6P":0.8152173913,"Google Nexus 5":0.5434782609,"ZTE Axon 7":0.5434782609,"Samsung Galaxy S7":0.5434782609,"LG V20":0.5434782609,"Elephone S8":0.5434782609,"Samsung Galaxy S8+":0.5434782609,"Moto G4 Plus":0.2717391304,"Nextbit Robin":0.2717391304,"LG G5":0.2717391304,"OnePlus 3T":0.2717391304,"LG G4":0.2717391304,"Nokia 7 Plus":0.2717391304,"Google Pixel 2 XL":0.2717391304,"Moto G":0.2717391304,"Asus Zenfone 5Z":0.2717391304,"LG V10":0.2717391304,"HTC One":0.2717391304,"OnePlus 3":0.2717391304}}