{"categories": [{"num_posts": 13, "sentiments": [0.0, 0.21730769230769237, 0.3229166666666667], "competitor_brands": {"Samsung": 1}, "competitor_models": {}}]}