{"categories": [{"num_posts": 13, "sentiments": [-0.033333333333333326, 0.0, 0.14911616161616162], "competitor_brands": {"Sony": 1, "Samsung": 1}, "competitor_models": {"Samsung Galaxy S7": 1}}]}