{"categories": [{"num_posts": 168, "sentiments": [-0.05859375, 0.002083333333333363, 0.1604220779220779], "competitor_brands": {"Google": 14, "Nokia": 1, "Samsung": 2}, "competitor_models": {"Google Pixel": 1}}]}