{"categories": [{"num_posts": 2, "sentiments": [-0.13397321428571426, -0.06169642857142854, 0.010580357142857169], "competitor_brands": {}, "competitor_models": {}}]}