{"categories": [{"num_posts": 32, "sentiments": [-0.16112012987012986, 0.0, 0.13374999999999992], "competitor_brands": {}, "competitor_models": {}}]}