{"categories": [{"num_posts": 61, "sentiments": [-0.049999999999999996, 0.0, 0.31062962962962964], "competitor_brands": {"Moto": 1, "Samsung": 1}, "competitor_models": {"Moto G": 1}}]}