{"categories": [{"num_posts": 21, "sentiments": [0.0, 0.03409090909090909, 0.3166666666666667], "competitor_brands": {}, "competitor_models": {}}]}