{"categories": [{"num_posts": 20, "sentiments": [-0.05, 0.1392857142857143, 0.5104166666666667], "competitor_brands": {}, "competitor_models": {}}]}