{"categories": [{"num_posts": 12, "sentiments": [-0.11250000000000002, 0.0, 0.056919642857142856], "competitor_brands": {"Sony": 1, "HTC": 1, "Samsung": 1}, "competitor_models": {}}]}