{"categories": [{"num_posts": 10, "sentiments": [-0.20450000000000002, 0.284375, 0.4412499999999999], "competitor_brands": {}, "competitor_models": {}}]}