{"categories": [{"num_posts": 7, "sentiments": [0.0, 0.32499999999999996, 0.6041666666666667], "competitor_brands": {}, "competitor_models": {}}]}