,sentiment,occurences,sentimentsSummary,sentimentEdges,score
battery life,"[0.16666666666666669, 0.25]",2,[0.1875 0.2083 0.2292],0.22916666666666669,0.6625813755464813
