{"count":{"Huawei Honor 8 Pro":1,"Apple iPhone 7 Plus":1,"LG Nexus 5X":1,"Huawei Honor 9 Lite":1},"percent":{"Huawei Honor 8 Pro":9.0909090909,"Apple iPhone 7 Plus":9.0909090909,"LG Nexus 5X":9.0909090909,"Huawei Honor 9 Lite":9.0909090909}}