{"count":{"Huawei":3,"Apple":1,"LG":1},"percent":{"Huawei":27.2727272727,"Apple":9.0909090909,"LG":9.0909090909}}