{"count":{"Xiaomi":12,"Google":12,"Samsung":10,"Motorola":8,"LG":7,"OnePlus":6,"Apple":4,"Vodafone":2,"Asus":2,"HTC":2,"verykool":1,"Huawei":1,"alcatel":1,"Gionee":1,"BlackBerry":1,"Microsoft":1,"Maxwest":1},"percent":{"Xiaomi":4.979253112,"Google":4.979253112,"Samsung":4.1493775934,"Motorola":3.3195020747,"LG":2.9045643154,"OnePlus":2.489626556,"Apple":1.6597510373,"Vodafone":0.8298755187,"Asus":0.8298755187,"HTC":0.8298755187,"verykool":0.4149377593,"Huawei":0.4149377593,"alcatel":0.4149377593,"Gionee":0.4149377593,"BlackBerry":0.4149377593,"Microsoft":0.4149377593,"Maxwest":0.4149377593}}