{"count":{"Maxwest":1,"Samsung":1},"percent":{"Maxwest":2.2222222222,"Samsung":2.2222222222}}