{"count":{"Motorola Moto X":4,"Xiaomi Redmi Note 4":4,"Google Pixel":3,"OnePlus One":3,"Samsung Galaxy S7 edge":3,"Xiaomi Redmi Note 5":3,"Xiaomi Mi Note 3":3,"Google Pixel XL":2,"LG Nexus 5X":2,"Motorola Moto G":2,"Apple iPhone 5s":2,"Xiaomi Redmi 4A":1,"ZTE Axon 7s":1,"Motorola Moto X Play":1,"OnePlus 2":1,"OnePlus 3":1,"Motorola Nexus 6":1,"Xiaomi Mi Note 2":1,"Gionee M7":1,"LG V20":1,"Apple iPhone 6s":1,"Huawei Honor 8 Pro":1,"verykool SL5565 Rocket":1,"alcatel Idol 4s":1,"HTC 10":1,"Maxwest Vice":1},"percent":{"Motorola Moto X":1.6597510373,"Xiaomi Redmi Note 4":1.6597510373,"Google Pixel":1.244813278,"OnePlus One":1.244813278,"Samsung Galaxy S7 edge":1.244813278,"Xiaomi Redmi Note 5":1.244813278,"Xiaomi Mi Note 3":1.244813278,"Google Pixel XL":0.8298755187,"LG Nexus 5X":0.8298755187,"Motorola Moto G":0.8298755187,"Apple iPhone 5s":0.8298755187,"Xiaomi Redmi 4A":0.4149377593,"ZTE Axon 7s":0.4149377593,"Motorola Moto X Play":0.4149377593,"OnePlus 2":0.4149377593,"OnePlus 3":0.4149377593,"Motorola Nexus 6":0.4149377593,"Xiaomi Mi Note 2":0.4149377593,"Gionee M7":0.4149377593,"LG V20":0.4149377593,"Apple iPhone 6s":0.4149377593,"Huawei Honor 8 Pro":0.4149377593,"verykool SL5565 Rocket":0.4149377593,"alcatel Idol 4s":0.4149377593,"HTC 10":0.4149377593,"Maxwest Vice":0.4149377593}}