{"count":{"Google":3,"vivo":1,"OnePlus":1},"percent":{"Google":7.1428571429,"vivo":2.380952381,"OnePlus":2.380952381}}