{"count":{"vivo X20":1,"OnePlus One":1},"percent":{"vivo X20":2.380952381,"OnePlus One":2.380952381}}