{"count":{"Samsung Galaxy S7 edge":6,"Samsung Galaxy S8+":4,"OnePlus 3":3,"Google Pixel":3,"Apple iPhone X":1,"Samsung Galaxy Note8":1,"Xiaomi Mi Note 2":1,"Google Pixel 2":1,"Google Pixel 2 XL":1,"alcatel Flash":1,"Nokia Lumia 1020":1,"LG V30":1,"verykool s4009 Crystal":1,"LG V10":1,"Motorola Moto X":1,"Asus Zenfone 3 Laser ZC551KL":1},"percent":{"Samsung Galaxy S7 edge":4.6153846154,"Samsung Galaxy S8+":3.0769230769,"OnePlus 3":2.3076923077,"Google Pixel":2.3076923077,"Apple iPhone X":0.7692307692,"Samsung Galaxy Note8":0.7692307692,"Xiaomi Mi Note 2":0.7692307692,"Google Pixel 2":0.7692307692,"Google Pixel 2 XL":0.7692307692,"alcatel Flash":0.7692307692,"Nokia Lumia 1020":0.7692307692,"LG V30":0.7692307692,"verykool s4009 Crystal":0.7692307692,"LG V10":0.7692307692,"Motorola Moto X":0.7692307692,"Asus Zenfone 3 Laser ZC551KL":0.7692307692}}