{"count":{"Samsung Galaxy S7 edge":9,"Xiaomi Redmi Note 5":4,"Xiaomi Redmi Note 4":4,"alcatel Flash":4,"Apple iPhone 6":2,"BlackBerry Leap":2,"OnePlus 3T":2,"Xiaomi Mi Note 3":1,"Xiaomi Redmi 5A":1,"LG Nexus 5X":1,"Motorola Droid Maxx 2":1,"alcatel 3c":1,"Apple iPhone 6 Plus":1,"Apple iPhone 6s":1,"Motorola Moto Z Play":1,"Micromax Canvas Infinity":1,"verykool s4009 Crystal":1,"Motorola Nexus 6":1,"LeEco Le Pro 3 AI Edition":1,"HTC 10":1,"Apple iPhone 5c":1,"Google Pixel":1,"Micromax Bharat 2+":1,"Microsoft Lumia 950":1,"Gionee M7":1,"OnePlus 3":1,"Apple iPhone 5s":1,"Huawei Honor 8 Pro":1,"Meizu M1":1,"LG G6":1,"Apple iPhone 7":1,"Maxwest Nitro Phablet 71":1,"Xiaomi Mi Note 2":1,"LG G5":1,"Motorola Droid Turbo 2":1,"Samsung Galaxy Note7":1},"percent":{"Samsung Galaxy S7 edge":2.0642201835,"Xiaomi Redmi Note 5":0.9174311927,"Xiaomi Redmi Note 4":0.9174311927,"alcatel Flash":0.9174311927,"Apple iPhone 6":0.4587155963,"BlackBerry Leap":0.4587155963,"OnePlus 3T":0.4587155963,"Xiaomi Mi Note 3":0.2293577982,"Xiaomi Redmi 5A":0.2293577982,"LG Nexus 5X":0.2293577982,"Motorola Droid Maxx 2":0.2293577982,"alcatel 3c":0.2293577982,"Apple iPhone 6 Plus":0.2293577982,"Apple iPhone 6s":0.2293577982,"Motorola Moto Z Play":0.2293577982,"Micromax Canvas Infinity":0.2293577982,"verykool s4009 Crystal":0.2293577982,"Motorola Nexus 6":0.2293577982,"LeEco Le Pro 3 AI Edition":0.2293577982,"HTC 10":0.2293577982,"Apple iPhone 5c":0.2293577982,"Google Pixel":0.2293577982,"Micromax Bharat 2+":0.2293577982,"Microsoft Lumia 950":0.2293577982,"Gionee M7":0.2293577982,"OnePlus 3":0.2293577982,"Apple iPhone 5s":0.2293577982,"Huawei Honor 8 Pro":0.2293577982,"Meizu M1":0.2293577982,"LG G6":0.2293577982,"Apple iPhone 7":0.2293577982,"Maxwest Nitro Phablet 71":0.2293577982,"Xiaomi Mi Note 2":0.2293577982,"LG G5":0.2293577982,"Motorola Droid Turbo 2":0.2293577982,"Samsung Galaxy Note7":0.2293577982}}