{"count":{"Google":18,"Apple":7,"Huawei":5,"Xiaomi":3,"HTC":2,"Motorola":2,"alcatel":2,"LG":2,"Lava":1},"percent":{"Google":10.3448275862,"Apple":4.0229885057,"Huawei":2.8735632184,"Xiaomi":1.724137931,"HTC":1.1494252874,"Motorola":1.1494252874,"alcatel":1.1494252874,"LG":1.1494252874,"Lava":0.5747126437}}