{"count":{"Google":7,"OnePlus":3,"HTC":2,"Xiaomi":2,"LG":2,"Apple":1,"alcatel":1,"Nokia":1,"verykool":1,"Motorola":1,"Asus":1,"Lenovo":1,"Huawei":1},"percent":{"Google":5.3846153846,"OnePlus":2.3076923077,"HTC":1.5384615385,"Xiaomi":1.5384615385,"LG":1.5384615385,"Apple":0.7692307692,"alcatel":0.7692307692,"Nokia":0.7692307692,"verykool":0.7692307692,"Motorola":0.7692307692,"Asus":0.7692307692,"Lenovo":0.7692307692,"Huawei":0.7692307692}}