{"count":{"LG":15,"Xiaomi":12,"Google":12,"Apple":9,"alcatel":6,"Motorola":5,"HTC":4,"Sony":4,"Huawei":3,"OnePlus":3,"Microsoft":2,"BlackBerry":2,"Micromax":2,"Vodafone":2,"Maxwest":1,"Gionee":1,"Meizu":1,"Asus":1,"verykool":1,"LeEco":1},"percent":{"LG":3.4403669725,"Xiaomi":2.752293578,"Google":2.752293578,"Apple":2.0642201835,"alcatel":1.376146789,"Motorola":1.1467889908,"HTC":0.9174311927,"Sony":0.9174311927,"Huawei":0.6880733945,"OnePlus":0.6880733945,"Microsoft":0.4587155963,"BlackBerry":0.4587155963,"Micromax":0.4587155963,"Vodafone":0.4587155963,"Maxwest":0.2293577982,"Gionee":0.2293577982,"Meizu":0.2293577982,"Asus":0.2293577982,"verykool":0.2293577982,"LeEco":0.2293577982}}