{"count":{"Samsung Galaxy S8+":8,"Google Pixel 2 XL":5,"Samsung Galaxy S7 edge":5,"Samsung Galaxy S9":5,"Apple iPhone X":5,"Google Pixel":5,"Google Pixel XL":3,"Huawei Mate 10 Pro":3,"Google Pixel 2":3,"Xiaomi Redmi Note 4":2,"alcatel Flash":2,"Huawei Mate 9 Pro":2,"HTC U11+":2,"Motorola Moto X":1,"Apple iPhone 7 Plus":1,"Motorola Nexus 6":1,"Samsung Galaxy A8":1,"Samsung Galaxy Note8":1,"Lava Iris Fuel F2":1,"LG V30":1,"LG V20":1,"Xiaomi Mi Max":1},"percent":{"Samsung Galaxy S8+":4.5977011494,"Google Pixel 2 XL":2.8735632184,"Samsung Galaxy S7 edge":2.8735632184,"Samsung Galaxy S9":2.8735632184,"Apple iPhone X":2.8735632184,"Google Pixel":2.8735632184,"Google Pixel XL":1.724137931,"Huawei Mate 10 Pro":1.724137931,"Google Pixel 2":1.724137931,"Xiaomi Redmi Note 4":1.1494252874,"alcatel Flash":1.1494252874,"Huawei Mate 9 Pro":1.1494252874,"HTC U11+":1.1494252874,"Motorola Moto X":0.5747126437,"Apple iPhone 7 Plus":0.5747126437,"Motorola Nexus 6":0.5747126437,"Samsung Galaxy A8":0.5747126437,"Samsung Galaxy Note8":0.5747126437,"Lava Iris Fuel F2":0.5747126437,"LG V30":0.5747126437,"LG V20":0.5747126437,"Xiaomi Mi Max":0.5747126437}}