{"count":{"LG":6,"alcatel":4},"percent":{"LG":6.5934065934,"alcatel":4.3956043956}}