{"count":{"Huawei Honor 7X":11,"Xiaomi Mi A1":3,"Samsung Galaxy S7 edge":1,"LG V20":1,"Samsung Galaxy S7":1,"YU Yureka":1,"Xiaomi Redmi 3s":1,"alcatel Flash":1,"Huawei Honor View 10":1,"Google Pixel":1,"Motorola Moto G4":1,"Huawei nova 2":1},"percent":{"Huawei Honor 7X":11.8279569892,"Xiaomi Mi A1":3.2258064516,"Samsung Galaxy S7 edge":1.0752688172,"LG V20":1.0752688172,"Samsung Galaxy S7":1.0752688172,"YU Yureka":1.0752688172,"Xiaomi Redmi 3s":1.0752688172,"alcatel Flash":1.0752688172,"Huawei Honor View 10":1.0752688172,"Google Pixel":1.0752688172,"Motorola Moto G4":1.0752688172,"Huawei nova 2":1.0752688172}}