{"count":{"LG V10":7,"Huawei Honor View 10":4,"Huawei Honor 9 Lite":4,"HTC U11":1,"Huawei P10 Plus":1,"OnePlus 5T":1,"Huawei Mate 10":1,"Huawei Mate 10 Pro":1,"Huawei Honor 8 Pro":1,"Xiaomi Mi A1":1,"Xiaomi Redmi Note 4":1,"Apple iPhone 6":1,"Huawei Honor 7X":1},"percent":{"LG V10":14.2857142857,"Huawei Honor View 10":8.1632653061,"Huawei Honor 9 Lite":8.1632653061,"HTC U11":2.0408163265,"Huawei P10 Plus":2.0408163265,"OnePlus 5T":2.0408163265,"Huawei Mate 10":2.0408163265,"Huawei Mate 10 Pro":2.0408163265,"Huawei Honor 8 Pro":2.0408163265,"Xiaomi Mi A1":2.0408163265,"Xiaomi Redmi Note 4":2.0408163265,"Apple iPhone 6":2.0408163265,"Huawei Honor 7X":2.0408163265}}