{"count":{"LG":2,"Huawei":2,"Google":1},"percent":{"LG":9.5238095238,"Huawei":9.5238095238,"Google":4.7619047619}}