{"count":{"Huawei":15,"Xiaomi":4,"Samsung":3,"Google":2,"Apple":1,"LG":1,"YU":1,"alcatel":1,"Motorola":1},"percent":{"Huawei":16.1290322581,"Xiaomi":4.3010752688,"Samsung":3.2258064516,"Google":2.1505376344,"Apple":1.0752688172,"LG":1.0752688172,"YU":1.0752688172,"alcatel":1.0752688172,"Motorola":1.0752688172}}