{"count":{"Huawei":14,"LG":8,"OnePlus":2,"Xiaomi":2,"HTC":1,"Samsung":1,"Apple":1,"Sony":1},"percent":{"Huawei":28.5714285714,"LG":16.3265306122,"OnePlus":4.0816326531,"Xiaomi":4.0816326531,"HTC":2.0408163265,"Samsung":2.0408163265,"Apple":2.0408163265,"Sony":2.0408163265}}