{"count":{"HTC U11":7,"Google Pixel 2 XL":4,"HTC 10":3,"Samsung Galaxy S8":2,"Google Pixel":2,"Huawei Mate 10 Pro":2,"Apple iPhone 8":1,"HTC One X9":1,"Google Pixel 2":1,"LG Nexus 5X":1,"Huawei Mate 10":1,"Sony Xperia XZ1":1,"Huawei P10":1,"OnePlus One":1},"percent":{"HTC U11":8.6419753086,"Google Pixel 2 XL":4.9382716049,"HTC 10":3.7037037037,"Samsung Galaxy S8":2.4691358025,"Google Pixel":2.4691358025,"Huawei Mate 10 Pro":2.4691358025,"Apple iPhone 8":1.2345679012,"HTC One X9":1.2345679012,"Google Pixel 2":1.2345679012,"LG Nexus 5X":1.2345679012,"Huawei Mate 10":1.2345679012,"Sony Xperia XZ1":1.2345679012,"Huawei P10":1.2345679012,"OnePlus One":1.2345679012}}