{"count":{"Google":9,"Samsung":3,"Huawei":3,"Apple":1,"LG":1,"Sony":1,"OnePlus":1},"percent":{"Google":11.1111111111,"Samsung":3.7037037037,"Huawei":3.7037037037,"Apple":1.2345679012,"LG":1.2345679012,"Sony":1.2345679012,"OnePlus":1.2345679012}}