{"count":{"Gionee M7":14,"Motorola Moto X":4,"Apple iPhone 6":4,"Samsung Galaxy S7 edge":4,"Motorola Nexus 6":3,"HTC U11":2,"LG G6":2,"BLU Tank Xtreme Pro":2,"Xiaomi Redmi Note 5":2,"alcatel Flash":2,"Motorola Droid Turbo 2":2,"LG Nexus 5X":2,"HTC One A9":2,"Samsung Galaxy S8":2,"verykool s4009 Crystal":2,"Apple iPhone 6 Plus":1,"Xiaomi Redmi 4A":1,"Xiaomi Mi Note 3":1,"Huawei P9 lite mini":1,"Samsung Galaxy S7":1,"Apple iPhone 5s":1,"Motorola Moto X Play":1,"Xiaomi Mi Note 2":1,"Xiaomi Redmi 5A":1,"BLU Advance 4.0 L3":1,"OnePlus 3":1,"BlackBerry Leap":1,"Huawei P10":1,"HTC One M9+":1,"Apple iPhone 7":1,"Google Pixel":1,"OnePlus 5":1,"Meizu PRO 5":1},"percent":{"Gionee M7":4.0579710145,"Motorola Moto X":1.1594202899,"Apple iPhone 6":1.1594202899,"Samsung Galaxy S7 edge":1.1594202899,"Motorola Nexus 6":0.8695652174,"HTC U11":0.5797101449,"LG G6":0.5797101449,"BLU Tank Xtreme Pro":0.5797101449,"Xiaomi Redmi Note 5":0.5797101449,"alcatel Flash":0.5797101449,"Motorola Droid Turbo 2":0.5797101449,"LG Nexus 5X":0.5797101449,"HTC One A9":0.5797101449,"Samsung Galaxy S8":0.5797101449,"verykool s4009 Crystal":0.5797101449,"Apple iPhone 6 Plus":0.2898550725,"Xiaomi Redmi 4A":0.2898550725,"Xiaomi Mi Note 3":0.2898550725,"Huawei P9 lite mini":0.2898550725,"Samsung Galaxy S7":0.2898550725,"Apple iPhone 5s":0.2898550725,"Motorola Moto X Play":0.2898550725,"Xiaomi Mi Note 2":0.2898550725,"Xiaomi Redmi 5A":0.2898550725,"BLU Advance 4.0 L3":0.2898550725,"OnePlus 3":0.2898550725,"BlackBerry Leap":0.2898550725,"Huawei P10":0.2898550725,"HTC One M9+":0.2898550725,"Apple iPhone 7":0.2898550725,"Google Pixel":0.2898550725,"OnePlus 5":0.2898550725,"Meizu PRO 5":0.2898550725}}