{"count":{"Samsung":24,"Gionee":14,"LG":11,"Motorola":10,"Google":8,"Xiaomi":8,"Apple":7,"OnePlus":3,"Sony":3,"BLU":3,"alcatel":2,"verykool":2,"Huawei":2,"BlackBerry":1,"Toshiba":1,"Vodafone":1,"Meizu":1},"percent":{"Samsung":6.9565217391,"Gionee":4.0579710145,"LG":3.1884057971,"Motorola":2.8985507246,"Google":2.3188405797,"Xiaomi":2.3188405797,"Apple":2.0289855072,"OnePlus":0.8695652174,"Sony":0.8695652174,"BLU":0.8695652174,"alcatel":0.5797101449,"verykool":0.5797101449,"Huawei":0.5797101449,"BlackBerry":0.2898550725,"Toshiba":0.2898550725,"Vodafone":0.2898550725,"Meizu":0.2898550725}}