{"count":{"OnePlus 5":3,"Huawei Mate 10 Pro":2,"Samsung Galaxy S9":1,"Apple iPhone X":1},"percent":{"OnePlus 5":23.0769230769,"Huawei Mate 10 Pro":15.3846153846,"Samsung Galaxy S9":7.6923076923,"Apple iPhone X":7.6923076923}}