{"count":{"OnePlus":3,"Sony":2,"LG":1,"HTC":1,"Samsung":1,"Apple":1},"percent":{"OnePlus":23.0769230769,"Sony":15.3846153846,"LG":7.6923076923,"HTC":7.6923076923,"Samsung":7.6923076923,"Apple":7.6923076923}}