{"count":{"Samsung":6,"Apple":5,"Google":4,"HTC":3,"Sony":1},"percent":{"Samsung":17.1428571429,"Apple":14.2857142857,"Google":11.4285714286,"HTC":8.5714285714,"Sony":2.8571428571}}