{"count":{"Huawei Mate 10 Pro":4,"Apple iPhone 7":3,"Apple iPhone X":2,"Google Pixel 2 XL":2,"HTC U11":2,"Samsung Galaxy S7 edge":2,"Huawei Mate 9":1,"Google Pixel 2":1,"Samsung Galaxy S8+":1,"Huawei Mate 10":1,"HTC U11+":1,"Samsung Galaxy S9+":1,"Samsung Galaxy S9":1},"percent":{"Huawei Mate 10 Pro":11.4285714286,"Apple iPhone 7":8.5714285714,"Apple iPhone X":5.7142857143,"Google Pixel 2 XL":5.7142857143,"HTC U11":5.7142857143,"Samsung Galaxy S7 edge":5.7142857143,"Huawei Mate 9":2.8571428571,"Google Pixel 2":2.8571428571,"Samsung Galaxy S8+":2.8571428571,"Huawei Mate 10":2.8571428571,"HTC U11+":2.8571428571,"Samsung Galaxy S9+":2.8571428571,"Samsung Galaxy S9":2.8571428571}}