{"count":{"Samsung":16,"Google":14,"Xiaomi":8,"HTC":6,"Sony":6,"Motorola":5,"Apple":4,"alcatel":3,"Huawei":2,"Microsoft":1,"Gionee":1,"XOLO":1,"Asus":1,"OnePlus":1,"Lenovo":1,"Micromax":1,"verykool":1},"percent":{"Samsung":4.8484848485,"Google":4.2424242424,"Xiaomi":2.4242424242,"HTC":1.8181818182,"Sony":1.8181818182,"Motorola":1.5151515152,"Apple":1.2121212121,"alcatel":0.9090909091,"Huawei":0.6060606061,"Microsoft":0.303030303,"Gionee":0.303030303,"XOLO":0.303030303,"Asus":0.303030303,"OnePlus":0.303030303,"Lenovo":0.303030303,"Micromax":0.303030303,"verykool":0.303030303}}