{"count":{"Xiaomi Redmi Note 5":5,"Google Pixel":5,"Xiaomi Redmi Note 4":4,"LG V20":4,"Samsung Galaxy S7 edge":4,"Micromax Canvas Fire 6 Q428":3,"LG V10":3,"Samsung Galaxy S8+":3,"LG Nexus 5X":2,"HTC 10":2,"LG V30":2,"Apple iPhone 7":2,"Lenovo P2":1,"LG G5":1,"BlackBerry Classic":1,"OnePlus 3":1,"OnePlus 3T":1,"LG Wine Smart":1,"Lava Iris Fuel F2":1,"Micromax Bharat 2+":1,"Xiaomi Mi 5":1,"Motorola Nexus 6":1,"alcatel Flash":1,"BLU Advance 4.0 L3":1,"Sony Xperia XZ":1,"Huawei P10 Plus":1,"Huawei P10":1,"Samsung Galaxy S7":1,"Huawei nova 2s":1,"Xiaomi Redmi Note 4X":1},"percent":{"Xiaomi Redmi Note 5":1.6501650165,"Google Pixel":1.6501650165,"Xiaomi Redmi Note 4":1.3201320132,"LG V20":1.3201320132,"Samsung Galaxy S7 edge":1.3201320132,"Micromax Canvas Fire 6 Q428":0.9900990099,"LG V10":0.9900990099,"Samsung Galaxy S8+":0.9900990099,"LG Nexus 5X":0.6600660066,"HTC 10":0.6600660066,"LG V30":0.6600660066,"Apple iPhone 7":0.6600660066,"Lenovo P2":0.3300330033,"LG G5":0.3300330033,"BlackBerry Classic":0.3300330033,"OnePlus 3":0.3300330033,"OnePlus 3T":0.3300330033,"LG Wine Smart":0.3300330033,"Lava Iris Fuel F2":0.3300330033,"Micromax Bharat 2+":0.3300330033,"Xiaomi Mi 5":0.3300330033,"Motorola Nexus 6":0.3300330033,"alcatel Flash":0.3300330033,"BLU Advance 4.0 L3":0.3300330033,"Sony Xperia XZ":0.3300330033,"Huawei P10 Plus":0.3300330033,"Huawei P10":0.3300330033,"Samsung Galaxy S7":0.3300330033,"Huawei nova 2s":0.3300330033,"Xiaomi Redmi Note 4X":0.3300330033}}