{"count":{"LG V10":6,"Xiaomi Mi Note 3":4,"Xiaomi Redmi Note 4":4,"Samsung Galaxy S7":4,"Motorola Moto G5S":2,"alcatel Flash":2,"Samsung Galaxy S7 edge":2,"Xiaomi Redmi Note 5":2,"LG G6":2,"Huawei Honor 8 Pro":1,"Motorola Moto X Force":1,"verykool s4009 Crystal":1,"Micromax Bharat 2+":1,"OnePlus 3":1,"LG Stylus 2":1,"Google Pixel":1,"Xiaomi Mi Note 2":1,"Asus Zenfone 3 Laser ZC551KL":1,"Apple iPhone 6s Plus":1,"XOLO Q700 Club":1,"Gionee M7":1,"LG Nexus 5X":1,"LG V20":1,"Motorola Moto X Play":1,"Huawei P9 lite mini":1,"Motorola Nexus 6":1,"Sony Xperia XZ":1},"percent":{"LG V10":1.8181818182,"Xiaomi Mi Note 3":1.2121212121,"Xiaomi Redmi Note 4":1.2121212121,"Samsung Galaxy S7":1.2121212121,"Motorola Moto G5S":0.6060606061,"alcatel Flash":0.6060606061,"Samsung Galaxy S7 edge":0.6060606061,"Xiaomi Redmi Note 5":0.6060606061,"LG G6":0.6060606061,"Huawei Honor 8 Pro":0.303030303,"Motorola Moto X Force":0.303030303,"verykool s4009 Crystal":0.303030303,"Micromax Bharat 2+":0.303030303,"OnePlus 3":0.303030303,"LG Stylus 2":0.303030303,"Google Pixel":0.303030303,"Xiaomi Mi Note 2":0.303030303,"Asus Zenfone 3 Laser ZC551KL":0.303030303,"Apple iPhone 6s Plus":0.303030303,"XOLO Q700 Club":0.303030303,"Gionee M7":0.303030303,"LG Nexus 5X":0.303030303,"LG V20":0.303030303,"Motorola Moto X Play":0.303030303,"Huawei P9 lite mini":0.303030303,"Motorola Nexus 6":0.303030303,"Sony Xperia XZ":0.303030303}}