{"count":{"Google":20,"Samsung":17,"Xiaomi":12,"Micromax":4,"HTC":3,"Huawei":3,"Sony":2,"Apple":2,"OnePlus":2,"Motorola":1,"alcatel":1,"Lenovo":1,"BLU":1,"Lava":1,"BlackBerry":1,"Nokia":1},"percent":{"Google":6.600660066,"Samsung":5.6105610561,"Xiaomi":3.9603960396,"Micromax":1.3201320132,"HTC":0.9900990099,"Huawei":0.9900990099,"Sony":0.6600660066,"Apple":0.6600660066,"OnePlus":0.6600660066,"Motorola":0.3300330033,"alcatel":0.3300330033,"Lenovo":0.3300330033,"BLU":0.3300330033,"Lava":0.3300330033,"BlackBerry":0.3300330033,"Nokia":0.3300330033}}