{"count":{"Xiaomi":17,"Motorola":9,"HTC":7,"Google":6,"Samsung":5,"Apple":3,"XOLO":1,"Sony":1,"BlackBerry":1,"verykool":1},"percent":{"Xiaomi":7.0833333333,"Motorola":3.75,"HTC":2.9166666667,"Google":2.5,"Samsung":2.0833333333,"Apple":1.25,"XOLO":0.4166666667,"Sony":0.4166666667,"BlackBerry":0.4166666667,"verykool":0.4166666667}}