{"count":{"Xiaomi Redmi Note 4":6,"Xiaomi Mi Note 2":5,"Xiaomi Redmi Note 5":4,"Xiaomi Mi Note 3":4,"Motorola Nexus 6":4,"Motorola Moto X":2,"Apple iPhone 6":2,"Apple iPhone 6s":1,"HTC 10":1,"XOLO Q700 Club":1,"Google Pixel":1,"verykool s4009 Crystal":1},"percent":{"Xiaomi Redmi Note 4":2.5,"Xiaomi Mi Note 2":2.0833333333,"Xiaomi Redmi Note 5":1.6666666667,"Xiaomi Mi Note 3":1.6666666667,"Motorola Nexus 6":1.6666666667,"Motorola Moto X":0.8333333333,"Apple iPhone 6":0.8333333333,"Apple iPhone 6s":0.4166666667,"HTC 10":0.4166666667,"XOLO Q700 Club":0.4166666667,"Google Pixel":0.4166666667,"verykool s4009 Crystal":0.4166666667}}