{"count":{"Samsung":12,"Google":10,"LG":8,"OnePlus":6,"Apple":6,"HTC":5,"Xiaomi":4,"BLU":3,"Motorola":3,"alcatel":2,"Lava":1,"LeEco":1,"BlackBerry":1},"percent":{"Samsung":5.4794520548,"Google":4.5662100457,"LG":3.6529680365,"OnePlus":2.7397260274,"Apple":2.7397260274,"HTC":2.2831050228,"Xiaomi":1.8264840183,"BLU":1.3698630137,"Motorola":1.3698630137,"alcatel":0.9132420091,"Lava":0.4566210046,"LeEco":0.4566210046,"BlackBerry":0.4566210046}}