{"count":{"Huawei Mate 10 Pro":37,"Huawei Mate 9":6,"Samsung Galaxy S9":3,"Samsung Galaxy S7 edge":3,"alcatel Flash":2,"BLU Advance 4.0 L3":2,"Motorola Moto Z Play":2,"Google Pixel":2,"LG G6":2,"Huawei Mate 9 Pro":2,"Samsung Galaxy S8+":2,"OnePlus One":2,"HTC U11":2,"OnePlus 2":1,"Google Pixel XL":1,"Xiaomi Redmi Note 4":1,"BlackBerry Classic":1,"LeEco Le Pro 3 AI Edition":1,"Huawei P10 Plus":1,"BLU Vivo XL2":1,"Samsung Galaxy S7":1,"Motorola Moto Z":1,"Samsung Galaxy S8":1,"Apple iPhone 7 Plus":1,"Xiaomi Mi Mix":1,"Google Pixel 2 XL":1,"Apple iPhone 8 Plus":1,"Samsung Galaxy Note8":1,"OnePlus 5":1,"Xiaomi Mi Mix 2":1,"Apple iPhone 5c":1,"Apple iPhone 7":1,"Xiaomi Mi Note 3":1,"LG G5":1,"OnePlus 5T":1,"Apple iPhone 8":1,"Apple iPhone 6s":1,"Google Pixel 2":1,"LG V20":1},"percent":{"Huawei Mate 10 Pro":16.8949771689,"Huawei Mate 9":2.7397260274,"Samsung Galaxy S9":1.3698630137,"Samsung Galaxy S7 edge":1.3698630137,"alcatel Flash":0.9132420091,"BLU Advance 4.0 L3":0.9132420091,"Motorola Moto Z Play":0.9132420091,"Google Pixel":0.9132420091,"LG G6":0.9132420091,"Huawei Mate 9 Pro":0.9132420091,"Samsung Galaxy S8+":0.9132420091,"OnePlus One":0.9132420091,"HTC U11":0.9132420091,"OnePlus 2":0.4566210046,"Google Pixel XL":0.4566210046,"Xiaomi Redmi Note 4":0.4566210046,"BlackBerry Classic":0.4566210046,"LeEco Le Pro 3 AI Edition":0.4566210046,"Huawei P10 Plus":0.4566210046,"BLU Vivo XL2":0.4566210046,"Samsung Galaxy S7":0.4566210046,"Motorola Moto Z":0.4566210046,"Samsung Galaxy S8":0.4566210046,"Apple iPhone 7 Plus":0.4566210046,"Xiaomi Mi Mix":0.4566210046,"Google Pixel 2 XL":0.4566210046,"Apple iPhone 8 Plus":0.4566210046,"Samsung Galaxy Note8":0.4566210046,"OnePlus 5":0.4566210046,"Xiaomi Mi Mix 2":0.4566210046,"Apple iPhone 5c":0.4566210046,"Apple iPhone 7":0.4566210046,"Xiaomi Mi Note 3":0.4566210046,"LG G5":0.4566210046,"OnePlus 5T":0.4566210046,"Apple iPhone 8":0.4566210046,"Apple iPhone 6s":0.4566210046,"Google Pixel 2":0.4566210046,"LG V20":0.4566210046}}