{"count":{"Google":11,"LG":8,"Samsung":5,"Apple":5,"Motorola":4,"HTC":3,"OnePlus":3,"alcatel":3,"Huawei":2,"Sony":2,"Plum":1,"Lenovo":1},"percent":{"Google":4.2307692308,"LG":3.0769230769,"Samsung":1.9230769231,"Apple":1.9230769231,"Motorola":1.5384615385,"HTC":1.1538461538,"OnePlus":1.1538461538,"alcatel":1.1538461538,"Huawei":0.7692307692,"Sony":0.7692307692,"Plum":0.3846153846,"Lenovo":0.3846153846}}