{"count":{"Xiaomi Mi 4c":3,"alcatel Flash":3,"Apple iPhone 6":3,"Xiaomi Mi 5s Plus":2,"Motorola Moto X":2,"LG Nexus 5X":2,"OnePlus 3":2,"Plum Ram 4":1,"Huawei Honor 8 Pro":1,"Samsung Galaxy S7":1,"Huawei P9 lite mini":1,"Apple iPhone 5s":1,"Google Pixel":1,"Xiaomi Redmi Note 4X":1,"HTC 10":1,"Xiaomi Mi Note 3":1,"Motorola Moto G":1,"Xiaomi Redmi 3":1,"Xiaomi Redmi Note 4":1,"Xiaomi Redmi Note 3":1,"Apple iPhone 7":1},"percent":{"Xiaomi Mi 4c":1.1538461538,"alcatel Flash":1.1538461538,"Apple iPhone 6":1.1538461538,"Xiaomi Mi 5s Plus":0.7692307692,"Motorola Moto X":0.7692307692,"LG Nexus 5X":0.7692307692,"OnePlus 3":0.7692307692,"Plum Ram 4":0.3846153846,"Huawei Honor 8 Pro":0.3846153846,"Samsung Galaxy S7":0.3846153846,"Huawei P9 lite mini":0.3846153846,"Apple iPhone 5s":0.3846153846,"Google Pixel":0.3846153846,"Xiaomi Redmi Note 4X":0.3846153846,"HTC 10":0.3846153846,"Xiaomi Mi Note 3":0.3846153846,"Motorola Moto G":0.3846153846,"Xiaomi Redmi 3":0.3846153846,"Xiaomi Redmi Note 4":0.3846153846,"Xiaomi Redmi Note 3":0.3846153846,"Apple iPhone 7":0.3846153846}}