{"count":{"Apple iPhone 7":2,"OnePlus 5":2,"OnePlus One":1,"Motorola Moto G5S":1,"Apple iPhone 7 Plus":1,"Xiaomi Redmi Note 4":1,"Meizu M1":1,"Xiaomi Redmi Note 4X":1,"Motorola Moto Z Play":1,"Asus Zenfone 3 Laser ZC551KL":1,"Samsung Galaxy S7 edge":1,"Google Pixel":1,"OnePlus 3T":1,"alcatel Flash":1,"Samsung Galaxy S7":1,"Micromax Canvas Fire 6 Q428":1,"LG Nexus 5X":1},"percent":{"Apple iPhone 7":0.8298755187,"OnePlus 5":0.8298755187,"OnePlus One":0.4149377593,"Motorola Moto G5S":0.4149377593,"Apple iPhone 7 Plus":0.4149377593,"Xiaomi Redmi Note 4":0.4149377593,"Meizu M1":0.4149377593,"Xiaomi Redmi Note 4X":0.4149377593,"Motorola Moto Z Play":0.4149377593,"Asus Zenfone 3 Laser ZC551KL":0.4149377593,"Samsung Galaxy S7 edge":0.4149377593,"Google Pixel":0.4149377593,"OnePlus 3T":0.4149377593,"alcatel Flash":0.4149377593,"Samsung Galaxy S7":0.4149377593,"Micromax Canvas Fire 6 Q428":0.4149377593,"LG Nexus 5X":0.4149377593}}