{"count":{"Google":13,"Samsung":6,"OnePlus":4,"Apple":4,"HTC":2,"Motorola":2,"Micromax":1,"alcatel":1,"Asus":1,"Meizu":1,"LeEco":1,"LG":1},"percent":{"Google":5.3941908714,"Samsung":2.489626556,"OnePlus":1.6597510373,"Apple":1.6597510373,"HTC":0.8298755187,"Motorola":0.8298755187,"Micromax":0.4149377593,"alcatel":0.4149377593,"Asus":0.4149377593,"Meizu":0.4149377593,"LeEco":0.4149377593,"LG":0.4149377593}}