{"count":{"Motorola":16,"Samsung":3,"Apple":3,"Google":3,"HTC":2,"LG":2,"Nokia":1,"Huawei":1,"Sony":1,"XOLO":1,"alcatel":1,"Xiaomi":1,"Lenovo":1},"percent":{"Motorola":19.0476190476,"Samsung":3.5714285714,"Apple":3.5714285714,"Google":3.5714285714,"HTC":2.380952381,"LG":2.380952381,"Nokia":1.1904761905,"Huawei":1.1904761905,"Sony":1.1904761905,"XOLO":1.1904761905,"alcatel":1.1904761905,"Xiaomi":1.1904761905,"Lenovo":1.1904761905}}