{"count":{"Motorola":31,"LG":5,"alcatel":3,"Samsung":2,"Lenovo":2,"HTC":2,"BlackBerry":2,"Google":2,"Nokia":1,"OnePlus":1,"verykool":1,"BLU":1},"percent":{"Motorola":23.1343283582,"LG":3.7313432836,"alcatel":2.2388059701,"Samsung":1.4925373134,"Lenovo":1.4925373134,"HTC":1.4925373134,"BlackBerry":1.4925373134,"Google":1.4925373134,"Nokia":0.7462686567,"OnePlus":0.7462686567,"verykool":0.7462686567,"BLU":0.7462686567}}