{"count":{"Motorola Moto X":2,"alcatel Flash":2,"BLU Advance 4.0 L3":1},"percent":{"Motorola Moto X":3.2786885246,"alcatel Flash":3.2786885246,"BLU Advance 4.0 L3":1.6393442623}}