{"count":{"Motorola":17,"Google":4,"alcatel":2},"percent":{"Motorola":19.3181818182,"Google":4.5454545455,"alcatel":2.2727272727}}