{"count":{"Motorola":3,"alcatel":2,"BLU":1,"Samsung":1},"percent":{"Motorola":4.9180327869,"alcatel":3.2786885246,"BLU":1.6393442623,"Samsung":1.6393442623}}