{"count":{"Motorola Moto G4 Plus":19,"Motorola Moto G4":6,"alcatel Flash":3,"Motorola Moto G":3,"BlackBerry Classic":2,"LG Nexus 5X":1,"Samsung Galaxy S7 edge":1,"LG V10":1,"Motorola Nexus 6":1,"Motorola Moto X Play":1,"Motorola Moto Z Play":1,"Samsung Galaxy S7":1,"Motorola Moto E4 Plus":1,"verykool SL5565 Rocket":1,"Motorola Moto X":1,"BLU Advance 4.0 L3":1},"percent":{"Motorola Moto G4 Plus":14.1791044776,"Motorola Moto G4":4.4776119403,"alcatel Flash":2.2388059701,"Motorola Moto G":2.2388059701,"BlackBerry Classic":1.4925373134,"LG Nexus 5X":0.7462686567,"Samsung Galaxy S7 edge":0.7462686567,"LG V10":0.7462686567,"Motorola Nexus 6":0.7462686567,"Motorola Moto X Play":0.7462686567,"Motorola Moto Z Play":0.7462686567,"Samsung Galaxy S7":0.7462686567,"Motorola Moto E4 Plus":0.7462686567,"verykool SL5565 Rocket":0.7462686567,"Motorola Moto X":0.7462686567,"BLU Advance 4.0 L3":0.7462686567}}