{"count":{"Motorola Moto Z":13,"Motorola Moto X":2,"Motorola Moto Z Force":2,"Samsung Galaxy S7 edge":1,"Apple iPhone 8 Plus":1,"Apple iPhone 6s":1,"Xiaomi Redmi Note 5":1,"Xiaomi Mi Note 3":1,"alcatel Flash":1,"XOLO Q700 Club":1,"Google Pixel XL":1,"Samsung Galaxy S7":1,"Samsung Galaxy Note FE":1,"Apple iPhone 6s Plus":1,"Google Pixel":1,"Apple iPhone 7 Plus":1,"HTC U Ultra":1,"Samsung Galaxy S8":1,"HTC 10":1,"LG G6":1,"Huawei P10":1,"LG V20":1,"Nokia 8":1,"Motorola Droid Maxx 2":1},"percent":{"Motorola Moto Z":15.4761904762,"Motorola Moto X":2.380952381,"Motorola Moto Z Force":2.380952381,"Samsung Galaxy S7 edge":1.1904761905,"Apple iPhone 8 Plus":1.1904761905,"Apple iPhone 6s":1.1904761905,"Xiaomi Redmi Note 5":1.1904761905,"Xiaomi Mi Note 3":1.1904761905,"alcatel Flash":1.1904761905,"XOLO Q700 Club":1.1904761905,"Google Pixel XL":1.1904761905,"Samsung Galaxy S7":1.1904761905,"Samsung Galaxy Note FE":1.1904761905,"Apple iPhone 6s Plus":1.1904761905,"Google Pixel":1.1904761905,"Apple iPhone 7 Plus":1.1904761905,"HTC U Ultra":1.1904761905,"Samsung Galaxy S8":1.1904761905,"HTC 10":1.1904761905,"LG G6":1.1904761905,"Huawei P10":1.1904761905,"LG V20":1.1904761905,"Nokia 8":1.1904761905,"Motorola Droid Maxx 2":1.1904761905}}