{"count":{"Motorola":15,"HTC":2,"Gionee":2,"Google":1,"alcatel":1,"Sony":1},"percent":{"Motorola":25.4237288136,"HTC":3.3898305085,"Gionee":3.3898305085,"Google":1.6949152542,"alcatel":1.6949152542,"Sony":1.6949152542}}