{"count":{"alcatel":4,"HTC":4,"Google":4,"LG":4,"OnePlus":2,"Gionee":2,"Xiaomi":1,"Samsung":1,"Sony":1},"percent":{"alcatel":5.9701492537,"HTC":5.9701492537,"Google":5.9701492537,"LG":5.9701492537,"OnePlus":2.9850746269,"Gionee":2.9850746269,"Xiaomi":1.4925373134,"Samsung":1.4925373134,"Sony":1.4925373134}}