{"count":{"alcatel Flash":3,"LG Nexus 5X":3,"HTC 10":2,"Gionee M7":2,"alcatel Shine Lite":1,"LG V10":1,"Xiaomi Redmi 5A":1,"OnePlus 3T":1,"Samsung Galaxy S7 edge":1,"OnePlus One":1},"percent":{"alcatel Flash":4.4776119403,"LG Nexus 5X":4.4776119403,"HTC 10":2.9850746269,"Gionee M7":2.9850746269,"alcatel Shine Lite":1.4925373134,"LG V10":1.4925373134,"Xiaomi Redmi 5A":1.4925373134,"OnePlus 3T":1.4925373134,"Samsung Galaxy S7 edge":1.4925373134,"OnePlus One":1.4925373134}}