{"count":{"Google":42,"Motorola":34,"Xiaomi":28,"Samsung":22,"LG":15,"HTC":12,"Apple":11,"alcatel":9,"OnePlus":7,"Sony":7,"BLU":3,"Gionee":2,"BlackBerry":1,"verykool":1,"Lava":1,"Maxwest":1,"ZTE":1},"percent":{"Google":7.0588235294,"Motorola":5.7142857143,"Xiaomi":4.7058823529,"Samsung":3.6974789916,"LG":2.5210084034,"HTC":2.0168067227,"Apple":1.8487394958,"alcatel":1.512605042,"OnePlus":1.1764705882,"Sony":1.1764705882,"BLU":0.5042016807,"Gionee":0.3361344538,"BlackBerry":0.1680672269,"verykool":0.1680672269,"Lava":0.1680672269,"Maxwest":0.1680672269,"ZTE":0.1680672269}}