{"count":{"Motorola Nexus 6":22,"Xiaomi Redmi Note 4":14,"Xiaomi Redmi Note 5":9,"alcatel Flash":9,"Motorola Moto X":8,"Xiaomi Mi Note 3":5,"OnePlus One":5,"Google Pixel":5,"Apple iPhone 6 Plus":3,"Apple iPhone 6":3,"BLU Advance 4.0 L3":2,"Gionee M7":2,"Motorola Moto X Style":2,"Samsung Galaxy S7":2,"Apple iPhone 6s Plus":2,"Motorola Droid Turbo 2":2,"HTC 10":1,"OnePlus 3":1,"LG Nexus 5X":1,"ZTE nubia Z11 mini S":1,"Huawei Honor 8 Pro":1,"Sony Xperia XA Ultra":1,"Sony Xperia Z5 Premium":1,"Google Pixel XL":1,"Lava Iris Fuel F2":1,"Samsung Galaxy S7 edge":1,"Maxwest Vice":1,"verykool SL5565 Rocket":1,"LG X mach":1,"Apple iPhone 6s":1,"Apple iPhone 5s":1,"Motorola DROID Turbo":1,"Motorola Moto G":1,"BlackBerry Leap":1,"Xiaomi Mi Note 2":1},"percent":{"Motorola Nexus 6":3.6974789916,"Xiaomi Redmi Note 4":2.3529411765,"Xiaomi Redmi Note 5":1.512605042,"alcatel Flash":1.512605042,"Motorola Moto X":1.3445378151,"Xiaomi Mi Note 3":0.8403361345,"OnePlus One":0.8403361345,"Google Pixel":0.8403361345,"Apple iPhone 6 Plus":0.5042016807,"Apple iPhone 6":0.5042016807,"BLU Advance 4.0 L3":0.3361344538,"Gionee M7":0.3361344538,"Motorola Moto X Style":0.3361344538,"Samsung Galaxy S7":0.3361344538,"Apple iPhone 6s Plus":0.3361344538,"Motorola Droid Turbo 2":0.3361344538,"HTC 10":0.1680672269,"OnePlus 3":0.1680672269,"LG Nexus 5X":0.1680672269,"ZTE nubia Z11 mini S":0.1680672269,"Huawei Honor 8 Pro":0.1680672269,"Sony Xperia XA Ultra":0.1680672269,"Sony Xperia Z5 Premium":0.1680672269,"Google Pixel XL":0.1680672269,"Lava Iris Fuel F2":0.1680672269,"Samsung Galaxy S7 edge":0.1680672269,"Maxwest Vice":0.1680672269,"verykool SL5565 Rocket":0.1680672269,"LG X mach":0.1680672269,"Apple iPhone 6s":0.1680672269,"Apple iPhone 5s":0.1680672269,"Motorola DROID Turbo":0.1680672269,"Motorola Moto G":0.1680672269,"BlackBerry Leap":0.1680672269,"Xiaomi Mi Note 2":0.1680672269}}