{"count":{"alcatel":16,"Google":13,"Motorola":11,"HTC":2,"LG":2,"Samsung":2,"Gionee":1,"HP":1},"percent":{"alcatel":17.5824175824,"Google":14.2857142857,"Motorola":12.0879120879,"HTC":2.1978021978,"LG":2.1978021978,"Samsung":2.1978021978,"Gionee":1.0989010989,"HP":1.0989010989}}