{"count":{"alcatel Flash":16,"Motorola Nexus 6":9,"Google Pixel":4,"Motorola Moto X":2,"Gionee M7":1},"percent":{"alcatel Flash":17.5824175824,"Motorola Nexus 6":9.8901098901,"Google Pixel":4.3956043956,"Motorola Moto X":2.1978021978,"Gionee M7":1.0989010989}}