{"count":{"Google":17,"alcatel":16,"HTC":2,"Samsung":2,"Microsoft":1},"percent":{"Google":20.7317073171,"alcatel":19.512195122,"HTC":2.4390243902,"Samsung":2.4390243902,"Microsoft":1.2195121951}}