{"count":{"Xiaomi":1,"Google":1},"percent":{"Xiaomi":9.0909090909,"Google":9.0909090909}}