{"count":{"Nokia 7 plus":1,"Xiaomi Mi A1":1,"Google Pixel":1},"percent":{"Nokia 7 plus":9.0909090909,"Xiaomi Mi A1":9.0909090909,"Google Pixel":9.0909090909}}