{"count":{"Xiaomi":7,"Samsung":3,"Google":2,"Motorola":1},"percent":{"Xiaomi":31.8181818182,"Samsung":13.6363636364,"Google":9.0909090909,"Motorola":4.5454545455}}