{"count":{"Samsung":22,"Google":18,"Apple":11,"LG":9,"Xiaomi":7,"Motorola":6,"HTC":5,"Huawei":4,"LeEco":3,"Gionee":2,"alcatel":1,"Oppo":1,"XOLO":1,"Sony":1},"percent":{"Samsung":5.4320987654,"Google":4.4444444444,"Apple":2.7160493827,"LG":2.2222222222,"Xiaomi":1.7283950617,"Motorola":1.4814814815,"HTC":1.2345679012,"Huawei":0.987654321,"LeEco":0.7407407407,"Gionee":0.4938271605,"alcatel":0.2469135802,"Oppo":0.2469135802,"XOLO":0.2469135802,"Sony":0.2469135802}}