{"count":{"Google":13,"Samsung":11,"Xiaomi":8,"LG":6,"alcatel":6,"Motorola":5,"HTC":3,"BLU":2,"Gionee":1,"Sony":1,"Oppo":1,"Huawei":1,"Asus":1,"LeEco":1},"percent":{"Google":4.9808429119,"Samsung":4.214559387,"Xiaomi":3.0651340996,"LG":2.2988505747,"alcatel":2.2988505747,"Motorola":1.9157088123,"HTC":1.1494252874,"BLU":0.7662835249,"Gionee":0.3831417625,"Sony":0.3831417625,"Oppo":0.3831417625,"Huawei":0.3831417625,"Asus":0.3831417625,"LeEco":0.3831417625}}