{"count":{"Google":4,"BLU":3,"HTC":1,"Xiaomi":1,"alcatel":1,"verykool":1,"Samsung":1,"Motorola":1,"Vodafone":1},"percent":{"Google":3.7037037037,"BLU":2.7777777778,"HTC":0.9259259259,"Xiaomi":0.9259259259,"alcatel":0.9259259259,"verykool":0.9259259259,"Samsung":0.9259259259,"Motorola":0.9259259259,"Vodafone":0.9259259259}}