{"count":{"LG G6":3,"OnePlus 3":3,"verykool s4009 Crystal":2,"Google Pixel 2":2,"Google Pixel 2 XL":2,"Samsung Galaxy S8":1,"Xiaomi Redmi Note 4":1,"Motorola Nexus 6":1,"LG V20":1,"Xiaomi Redmi Note 5":1,"OnePlus 5":1,"Google Pixel XL":1,"LG Nexus 5X":1,"alcatel Flash":1,"Apple iPhone 7":1,"Apple iPhone 8":1,"Google Pixel":1,"Sony Xperia L1":1,"BlackBerry Passport":1,"Apple iPhone SE":1},"percent":{"LG G6":1.4084507042,"OnePlus 3":1.4084507042,"verykool s4009 Crystal":0.9389671362,"Google Pixel 2":0.9389671362,"Google Pixel 2 XL":0.9389671362,"Samsung Galaxy S8":0.4694835681,"Xiaomi Redmi Note 4":0.4694835681,"Motorola Nexus 6":0.4694835681,"LG V20":0.4694835681,"Xiaomi Redmi Note 5":0.4694835681,"OnePlus 5":0.4694835681,"Google Pixel XL":0.4694835681,"LG Nexus 5X":0.4694835681,"alcatel Flash":0.4694835681,"Apple iPhone 7":0.4694835681,"Apple iPhone 8":0.4694835681,"Google Pixel":0.4694835681,"Sony Xperia L1":0.4694835681,"BlackBerry Passport":0.4694835681,"Apple iPhone SE":0.4694835681}}