{"count":{"LG":19,"Samsung":17,"Google":16,"HTC":13,"Apple":11,"Xiaomi":10,"Motorola":10,"alcatel":5,"Sony":4,"Oppo":3,"Huawei":2,"BlackBerry":1,"BLU":1,"ZTE":1,"Acer":1,"verykool":1,"YU":1},"percent":{"LG":4.1036717063,"Samsung":3.6717062635,"Google":3.4557235421,"HTC":2.807775378,"Apple":2.3758099352,"Xiaomi":2.1598272138,"Motorola":2.1598272138,"alcatel":1.0799136069,"Sony":0.8639308855,"Oppo":0.6479481641,"Huawei":0.4319654428,"BlackBerry":0.2159827214,"BLU":0.2159827214,"ZTE":0.2159827214,"Acer":0.2159827214,"verykool":0.2159827214,"YU":0.2159827214}}