{"count":{"alcatel Flash":6,"Samsung Galaxy S8":3,"Samsung Galaxy S8+":2,"Motorola Moto X":2,"OnePlus 3":2,"BLU Tank Xtreme Pro":2,"Xiaomi Mi Mix":2,"Samsung Galaxy S7":2,"Motorola Nexus 6":2,"Samsung Galaxy S7 edge":2,"Xiaomi Mi Note 3":2,"Motorola Moto X Play":1,"LG Nexus 5X":1,"Xiaomi Redmi Note 3":1,"Xiaomi Mi 5s Plus":1,"HTC U11":1,"OnePlus 5T":1,"Xiaomi Mi 5":1,"HTC 10":1,"Gionee M7":1,"Google Pixel":1,"LG G5":1,"OnePlus One":1,"Huawei Mate 9":1,"LeEco Le Pro 3 AI Edition":1},"percent":{"alcatel Flash":2.2988505747,"Samsung Galaxy S8":1.1494252874,"Samsung Galaxy S8+":0.7662835249,"Motorola Moto X":0.7662835249,"OnePlus 3":0.7662835249,"BLU Tank Xtreme Pro":0.7662835249,"Xiaomi Mi Mix":0.7662835249,"Samsung Galaxy S7":0.7662835249,"Motorola Nexus 6":0.7662835249,"Samsung Galaxy S7 edge":0.7662835249,"Xiaomi Mi Note 3":0.7662835249,"Motorola Moto X Play":0.3831417625,"LG Nexus 5X":0.3831417625,"Xiaomi Redmi Note 3":0.3831417625,"Xiaomi Mi 5s Plus":0.3831417625,"HTC U11":0.3831417625,"OnePlus 5T":0.3831417625,"Xiaomi Mi 5":0.3831417625,"HTC 10":0.3831417625,"Gionee M7":0.3831417625,"Google Pixel":0.3831417625,"LG G5":0.3831417625,"OnePlus One":0.3831417625,"Huawei Mate 9":0.3831417625,"LeEco Le Pro 3 AI Edition":0.3831417625}}