{"count":{"Google":17,"Samsung":8,"LG":7,"Apple":3,"Xiaomi":2,"verykool":2,"BlackBerry":1,"Sony":1,"alcatel":1,"Motorola":1},"percent":{"Google":7.9812206573,"Samsung":3.7558685446,"LG":3.2863849765,"Apple":1.4084507042,"Xiaomi":0.9389671362,"verykool":0.9389671362,"BlackBerry":0.4694835681,"Sony":0.4694835681,"alcatel":0.4694835681,"Motorola":0.4694835681}}