{"count":{"OnePlus One":1,"alcatel Flash":1,"verykool s5200 Orion":1,"BLU Advance 4.0 L3":1,"Motorola Nexus 6":1,"OnePlus 3":1},"percent":{"OnePlus One":0.9259259259,"alcatel Flash":0.9259259259,"verykool s5200 Orion":0.9259259259,"BLU Advance 4.0 L3":0.9259259259,"Motorola Nexus 6":0.9259259259,"OnePlus 3":0.9259259259}}