{"count":{"Samsung Galaxy S7 edge":8,"Google Pixel":5,"Xiaomi Redmi Note 4":4,"LG G5":4,"OnePlus 3":4,"Motorola Moto X":4,"Apple iPhone 7":4,"Apple iPhone 6s Plus":3,"OnePlus One":3,"OnePlus 2":3,"Huawei Mate 9":2,"OnePlus 5":2,"Huawei P9 lite mini":2,"Apple iPhone 6s":2,"Gionee M7":2,"Xiaomi Redmi Note 5":1,"Motorola Moto G4":1,"LeEco Le S3":1,"LeEco Le Pro 3 AI Edition":1,"XOLO Era 2X":1,"Apple iPhone 5s":1,"Xiaomi Redmi 4A":1,"HTC 10":1,"alcatel Flash":1,"Apple iPhone 6":1,"Motorola Moto G":1,"Huawei Mate 10":1,"LeEco Le Pro3":1},"percent":{"Samsung Galaxy S7 edge":1.975308642,"Google Pixel":1.2345679012,"Xiaomi Redmi Note 4":0.987654321,"LG G5":0.987654321,"OnePlus 3":0.987654321,"Motorola Moto X":0.987654321,"Apple iPhone 7":0.987654321,"Apple iPhone 6s Plus":0.7407407407,"OnePlus One":0.7407407407,"OnePlus 2":0.7407407407,"Huawei Mate 9":0.4938271605,"OnePlus 5":0.4938271605,"Huawei P9 lite mini":0.4938271605,"Apple iPhone 6s":0.4938271605,"Gionee M7":0.4938271605,"Xiaomi Redmi Note 5":0.2469135802,"Motorola Moto G4":0.2469135802,"LeEco Le S3":0.2469135802,"LeEco Le Pro 3 AI Edition":0.2469135802,"XOLO Era 2X":0.2469135802,"Apple iPhone 5s":0.2469135802,"Xiaomi Redmi 4A":0.2469135802,"HTC 10":0.2469135802,"alcatel Flash":0.2469135802,"Apple iPhone 6":0.2469135802,"Motorola Moto G":0.2469135802,"Huawei Mate 10":0.2469135802,"LeEco Le Pro3":0.2469135802}}