{"count":{"OnePlus One":8,"LG Nexus 5X":7,"HTC 10":7,"Xiaomi Redmi Note 4":6,"Samsung Galaxy S7 edge":5,"alcatel Flash":5,"Google Pixel":4,"Apple iPhone 6s":4,"Motorola Moto X":4,"OnePlus 2":3,"Samsung Galaxy S7":2,"Samsung Galaxy Note7":2,"Apple iPhone 6 Plus":2,"Motorola Nexus 6":2,"Xiaomi Redmi Note 5":2,"Sony Xperia XZ":1,"Apple iPhone 6":1,"verykool s4009 Crystal":1,"YU Yureka":1,"Motorola DROID Turbo":1,"BLU Advance 4.0 L3":1,"Xiaomi Redmi 5A":1,"Apple iPhone 6s Plus":1,"Huawei Honor 7X":1,"LG G5":1,"Motorola Moto X Style":1,"Apple iPhone 7":1,"BlackBerry Z10":1,"Acer Liquid Jade Primo":1,"Sony Xperia XZ Premium":1,"Motorola Moto G4":1},"percent":{"OnePlus One":1.7278617711,"LG Nexus 5X":1.5118790497,"HTC 10":1.5118790497,"Xiaomi Redmi Note 4":1.2958963283,"Samsung Galaxy S7 edge":1.0799136069,"alcatel Flash":1.0799136069,"Google Pixel":0.8639308855,"Apple iPhone 6s":0.8639308855,"Motorola Moto X":0.8639308855,"OnePlus 2":0.6479481641,"Samsung Galaxy S7":0.4319654428,"Samsung Galaxy Note7":0.4319654428,"Apple iPhone 6 Plus":0.4319654428,"Motorola Nexus 6":0.4319654428,"Xiaomi Redmi Note 5":0.4319654428,"Sony Xperia XZ":0.2159827214,"Apple iPhone 6":0.2159827214,"verykool s4009 Crystal":0.2159827214,"YU Yureka":0.2159827214,"Motorola DROID Turbo":0.2159827214,"BLU Advance 4.0 L3":0.2159827214,"Xiaomi Redmi 5A":0.2159827214,"Apple iPhone 6s Plus":0.2159827214,"Huawei Honor 7X":0.2159827214,"LG G5":0.2159827214,"Motorola Moto X Style":0.2159827214,"Apple iPhone 7":0.2159827214,"BlackBerry Z10":0.2159827214,"Acer Liquid Jade Primo":0.2159827214,"Sony Xperia XZ Premium":0.2159827214,"Motorola Moto G4":0.2159827214}}