{"count":{"Samsung":5,"Motorola":2,"LG":1,"Apple":1,"Sony":1},"percent":{"Samsung":13.1578947368,"Motorola":5.2631578947,"LG":2.6315789474,"Apple":2.6315789474,"Sony":2.6315789474}}