{"count":{"Samsung Galaxy S7":2,"LG G6":1,"Huawei Honor 9":1,"Motorola Moto G5S Plus":1,"Apple iPhone 6":1,"Sony Xperia XZ":1,"Motorola Moto G":1},"percent":{"Samsung Galaxy S7":5.2631578947,"LG G6":2.6315789474,"Huawei Honor 9":2.6315789474,"Motorola Moto G5S Plus":2.6315789474,"Apple iPhone 6":2.6315789474,"Sony Xperia XZ":2.6315789474,"Motorola Moto G":2.6315789474}}