{"count":{"Google Pixel":18,"LG Nexus 5X":6,"Google Pixel XL":4,"Lenovo P2":4,"Motorola Nexus 6":4,"Google Pixel 2 XL":4,"Huawei Honor 8 Pro":3,"Apple iPhone 8 Plus":3,"Apple iPhone 7":2,"Samsung Galaxy S9":2,"Gionee M7":1,"OnePlus 3":1,"Sony Xperia Z5 Compact":1,"HTC 10":1,"BLU Advance 4.0 L3":1,"Sony Xperia XZ Premium":1,"Apple iPhone 6s":1,"LG V20":1,"alcatel Flash":1,"Motorola Moto X":1,"LG Harmony":1,"verykool s4009 Crystal":1},"percent":{"Google Pixel":8.4507042254,"LG Nexus 5X":2.8169014085,"Google Pixel XL":1.8779342723,"Lenovo P2":1.8779342723,"Motorola Nexus 6":1.8779342723,"Google Pixel 2 XL":1.8779342723,"Huawei Honor 8 Pro":1.4084507042,"Apple iPhone 8 Plus":1.4084507042,"Apple iPhone 7":0.9389671362,"Samsung Galaxy S9":0.9389671362,"Gionee M7":0.4694835681,"OnePlus 3":0.4694835681,"Sony Xperia Z5 Compact":0.4694835681,"HTC 10":0.4694835681,"BLU Advance 4.0 L3":0.4694835681,"Sony Xperia XZ Premium":0.4694835681,"Apple iPhone 6s":0.4694835681,"LG V20":0.4694835681,"alcatel Flash":0.4694835681,"Motorola Moto X":0.4694835681,"LG Harmony":0.4694835681,"verykool s4009 Crystal":0.4694835681}}