{"count":{"Samsung":15,"Motorola":14,"LG":10,"HTC":9,"Apple":9,"Xiaomi":7,"OnePlus":4,"Sony":4,"Huawei":3,"alcatel":2,"Lenovo":1},"percent":{"Samsung":5.9523809524,"Motorola":5.5555555556,"LG":3.9682539683,"HTC":3.5714285714,"Apple":3.5714285714,"Xiaomi":2.7777777778,"OnePlus":1.5873015873,"Sony":1.5873015873,"Huawei":1.1904761905,"alcatel":0.7936507937,"Lenovo":0.3968253968}}