{"count":{"LG":8,"Motorola":7,"Apple":6,"HTC":6,"Huawei":4,"Lenovo":4,"Sony":3,"Samsung":2,"Acer":1,"alcatel":1,"BLU":1,"OnePlus":1,"Asus":1,"Gionee":1,"verykool":1},"percent":{"LG":3.7558685446,"Motorola":3.2863849765,"Apple":2.8169014085,"HTC":2.8169014085,"Huawei":1.8779342723,"Lenovo":1.8779342723,"Sony":1.4084507042,"Samsung":0.9389671362,"Acer":0.4694835681,"alcatel":0.4694835681,"BLU":0.4694835681,"OnePlus":0.4694835681,"Asus":0.4694835681,"Gionee":0.4694835681,"verykool":0.4694835681}}