{"count":{"Google Pixel":18,"Google Pixel 2":17,"Google Pixel XL":15,"LG Nexus 5X":9,"Motorola Nexus 6":8,"Samsung Galaxy S8+":6,"OnePlus 5":5,"LG V30":4,"Xiaomi Redmi Note 4":3,"Samsung Galaxy Note8":3,"Apple iPhone X":2,"Apple iPhone 8 Plus":2,"HTC U11":2,"LG G6":2,"BLU Vivo XL2":2,"alcatel Flash":2,"Motorola Moto X":2,"LG V20":1,"LG G5":1,"Samsung Galaxy S7 edge":1,"Xiaomi Redmi Note 5":1,"Motorola Moto Z Force":1,"Samsung Galaxy S9":1,"Micromax Canvas Fire 6 Q428":1,"Motorola Moto Z Play":1,"OnePlus 3T":1,"Samsung Galaxy S9+":1,"Samsung Galaxy S7":1,"OnePlus 3":1,"Apple iPhone 8":1},"percent":{"Google Pixel":6.0402684564,"Google Pixel 2":5.7046979866,"Google Pixel XL":5.033557047,"LG Nexus 5X":3.0201342282,"Motorola Nexus 6":2.6845637584,"Samsung Galaxy S8+":2.0134228188,"OnePlus 5":1.677852349,"LG V30":1.3422818792,"Xiaomi Redmi Note 4":1.0067114094,"Samsung Galaxy Note8":1.0067114094,"Apple iPhone X":0.6711409396,"Apple iPhone 8 Plus":0.6711409396,"HTC U11":0.6711409396,"LG G6":0.6711409396,"BLU Vivo XL2":0.6711409396,"alcatel Flash":0.6711409396,"Motorola Moto X":0.6711409396,"LG V20":0.3355704698,"LG G5":0.3355704698,"Samsung Galaxy S7 edge":0.3355704698,"Xiaomi Redmi Note 5":0.3355704698,"Motorola Moto Z Force":0.3355704698,"Samsung Galaxy S9":0.3355704698,"Micromax Canvas Fire 6 Q428":0.3355704698,"Motorola Moto Z Play":0.3355704698,"OnePlus 3T":0.3355704698,"Samsung Galaxy S9+":0.3355704698,"Samsung Galaxy S7":0.3355704698,"OnePlus 3":0.3355704698,"Apple iPhone 8":0.3355704698}}