{"count":{"Samsung":22,"LG":18,"Motorola":12,"OnePlus":7,"Apple":7,"Xiaomi":4,"HTC":3,"BLU":2,"alcatel":2,"Micromax":1,"Asus":1},"percent":{"Samsung":7.3825503356,"LG":6.0402684564,"Motorola":4.0268456376,"OnePlus":2.3489932886,"Apple":2.3489932886,"Xiaomi":1.3422818792,"HTC":1.0067114094,"BLU":0.6711409396,"alcatel":0.6711409396,"Micromax":0.3355704698,"Asus":0.3355704698}}