{"count":{"Motorola Moto X":8,"LG V20":7,"Samsung Galaxy S7 edge":6,"Motorola Nexus 6":6,"Google Pixel 2":3,"Apple iPhone 7":3,"OnePlus 3":3,"Xiaomi Redmi Note 4":2,"alcatel Flash":2,"Apple iPhone 6s":2,"Huawei Honor 8 Pro":2,"HTC 10":2,"Apple iPhone 5s":2,"Google Pixel XL":2,"LG Nexus 5X":2,"Xiaomi Redmi Note 5":2,"LG V10":2,"Apple iPhone 7 Plus":1,"Samsung Galaxy S8":1,"Sony Xperia XZ":1,"Apple iPhone 8":1,"Huawei P10":1,"LG G6":1,"Apple iPhone 6 Plus":1,"Xiaomi Redmi 5A":1,"Apple iPhone 6":1,"Samsung Galaxy J7":1,"Xiaomi Mi Mix":1,"Lenovo ZUK Z2":1},"percent":{"Motorola Moto X":3.1746031746,"LG V20":2.7777777778,"Samsung Galaxy S7 edge":2.380952381,"Motorola Nexus 6":2.380952381,"Google Pixel 2":1.1904761905,"Apple iPhone 7":1.1904761905,"OnePlus 3":1.1904761905,"Xiaomi Redmi Note 4":0.7936507937,"alcatel Flash":0.7936507937,"Apple iPhone 6s":0.7936507937,"Huawei Honor 8 Pro":0.7936507937,"HTC 10":0.7936507937,"Apple iPhone 5s":0.7936507937,"Google Pixel XL":0.7936507937,"LG Nexus 5X":0.7936507937,"Xiaomi Redmi Note 5":0.7936507937,"LG V10":0.7936507937,"Apple iPhone 7 Plus":0.3968253968,"Samsung Galaxy S8":0.3968253968,"Sony Xperia XZ":0.3968253968,"Apple iPhone 8":0.3968253968,"Huawei P10":0.3968253968,"LG G6":0.3968253968,"Apple iPhone 6 Plus":0.3968253968,"Xiaomi Redmi 5A":0.3968253968,"Apple iPhone 6":0.3968253968,"Samsung Galaxy J7":0.3968253968,"Xiaomi Mi Mix":0.3968253968,"Lenovo ZUK Z2":0.3968253968}}