{"count":{"OnePlus 5":4,"Google Pixel 2":2,"Google Pixel":2,"Apple iPhone X":2,"OnePlus 5T":1,"XOLO Era 2X":1,"alcatel 3c":1,"Toshiba Windows Phone IS12T":1,"Huawei Mate 10 Pro":1,"Apple iPhone 8 Plus":1},"percent":{"OnePlus 5":3.6036036036,"Google Pixel 2":1.8018018018,"Google Pixel":1.8018018018,"Apple iPhone X":1.8018018018,"OnePlus 5T":0.9009009009,"XOLO Era 2X":0.9009009009,"alcatel 3c":0.9009009009,"Toshiba Windows Phone IS12T":0.9009009009,"Huawei Mate 10 Pro":0.9009009009,"Apple iPhone 8 Plus":0.9009009009}}