{"count":{"OnePlus":5,"Google":5,"Samsung":3,"Oppo":2,"Apple":2,"XOLO":1,"alcatel":1,"Toshiba":1,"Huawei":1,"ZTE":1,"Lenovo":1,"HTC":1},"percent":{"OnePlus":4.5045045045,"Google":4.5045045045,"Samsung":2.7027027027,"Oppo":1.8018018018,"Apple":1.8018018018,"XOLO":0.9009009009,"alcatel":0.9009009009,"Toshiba":0.9009009009,"Huawei":0.9009009009,"ZTE":0.9009009009,"Lenovo":0.9009009009,"HTC":0.9009009009}}