{"count":{"Samsung Galaxy S7 edge":69,"Xiaomi Redmi Note 4":15,"Xiaomi Redmi Note 5":9,"Apple iPhone 6s":4,"verykool s4009 Crystal":3,"LG V10":3,"Xiaomi Mi Note 3":3,"Google Pixel":2,"Apple iPhone 6s Plus":2,"Samsung Galaxy S7":2,"Apple iPhone 6":2,"alcatel Flash":2,"Nokia 3310":2,"Lava Iris Fuel F2":1,"Meizu MX5":1,"Sony Xperia Z5":1,"Samsung Galaxy A5":1,"Oppo F1":1,"Apple iPhone 7 Plus":1,"Sony Xperia XZ1 Compact":1,"Nokia Lumia 1520":1,"Apple iPhone 6 Plus":1,"BlackBerry Classic":1,"BlackBerry Aurora":1,"Gionee M7":1,"HTC 10":1,"Micromax Canvas Infinity":1,"OnePlus 2":1,"LG X venture":1,"alcatel Shine Lite":1,"Motorola Nexus 6":1},"percent":{"Samsung Galaxy S7 edge":11.7948717949,"Xiaomi Redmi Note 4":2.5641025641,"Xiaomi Redmi Note 5":1.5384615385,"Apple iPhone 6s":0.6837606838,"verykool s4009 Crystal":0.5128205128,"LG V10":0.5128205128,"Xiaomi Mi Note 3":0.5128205128,"Google Pixel":0.3418803419,"Apple iPhone 6s Plus":0.3418803419,"Samsung Galaxy S7":0.3418803419,"Apple iPhone 6":0.3418803419,"alcatel Flash":0.3418803419,"Nokia 3310":0.3418803419,"Lava Iris Fuel F2":0.1709401709,"Meizu MX5":0.1709401709,"Sony Xperia Z5":0.1709401709,"Samsung Galaxy A5":0.1709401709,"Oppo F1":0.1709401709,"Apple iPhone 7 Plus":0.1709401709,"Sony Xperia XZ1 Compact":0.1709401709,"Nokia Lumia 1520":0.1709401709,"Apple iPhone 6 Plus":0.1709401709,"BlackBerry Classic":0.1709401709,"BlackBerry Aurora":0.1709401709,"Gionee M7":0.1709401709,"HTC 10":0.1709401709,"Micromax Canvas Infinity":0.1709401709,"OnePlus 2":0.1709401709,"LG X venture":0.1709401709,"alcatel Shine Lite":0.1709401709,"Motorola Nexus 6":0.1709401709}}