{"count":{"Xiaomi":25,"LG":21,"Apple":14,"Sony":12,"Google":11,"HTC":10,"Nokia":5,"Motorola":4,"alcatel":3,"verykool":3,"BlackBerry":2,"OnePlus":1,"Lava":1,"Panasonic":1,"Micromax":1,"Gionee":1,"Meizu":1,"Oppo":1,"Vodafone":1},"percent":{"Xiaomi":4.2735042735,"LG":3.5897435897,"Apple":2.3931623932,"Sony":2.0512820513,"Google":1.8803418803,"HTC":1.7094017094,"Nokia":0.8547008547,"Motorola":0.6837606838,"alcatel":0.5128205128,"verykool":0.5128205128,"BlackBerry":0.3418803419,"OnePlus":0.1709401709,"Lava":0.1709401709,"Panasonic":0.1709401709,"Micromax":0.1709401709,"Gionee":0.1709401709,"Meizu":0.1709401709,"Oppo":0.1709401709,"Vodafone":0.1709401709}}