{"count":{"Google":2,"Samsung":1,"OnePlus":1},"percent":{"Google":14.2857142857,"Samsung":7.1428571429,"OnePlus":7.1428571429}}