{"count":{"Samsung Galaxy J7":1,"Google Pixel 2":1,"HTC 10":1},"percent":{"Samsung Galaxy J7":7.1428571429,"Google Pixel 2":7.1428571429,"HTC 10":7.1428571429}}