{"count":{"Xiaomi Redmi Note 4":17,"LG V10":16,"Samsung Galaxy S7 edge":11,"Xiaomi Mi Note 3":4,"Motorola Nexus 6":4,"HTC 10":3,"Google Pixel":3,"LG G5":3,"LG G6":3,"Xiaomi Redmi Note 5":3,"Apple iPhone 6":2,"Xiaomi Mi Note 2":2,"LG Nexus 5X":1,"LG V30":1,"ZTE nubia N2":1,"Motorola Moto X":1,"Samsung Galaxy S7":1,"Samsung Galaxy Note7":1,"verykool s4009 Crystal":1,"Samsung Galaxy Tab J":1,"Huawei Mate 9":1,"BLU Advance 4.0 L3":1,"Maxwest Nitro Phablet 71":1,"HTC One A9":1,"alcatel Flash":1,"OnePlus 5":1,"Micromax Canvas Fire 6 Q428":1,"Google Pixel XL":1,"Toshiba Windows Phone IS12T":1,"Apple iPhone 6s Plus":1,"Apple iPhone 5s":1},"percent":{"Xiaomi Redmi Note 4":5.0595238095,"LG V10":4.7619047619,"Samsung Galaxy S7 edge":3.2738095238,"Xiaomi Mi Note 3":1.1904761905,"Motorola Nexus 6":1.1904761905,"HTC 10":0.8928571429,"Google Pixel":0.8928571429,"LG G5":0.8928571429,"LG G6":0.8928571429,"Xiaomi Redmi Note 5":0.8928571429,"Apple iPhone 6":0.5952380952,"Xiaomi Mi Note 2":0.5952380952,"LG Nexus 5X":0.2976190476,"LG V30":0.2976190476,"ZTE nubia N2":0.2976190476,"Motorola Moto X":0.2976190476,"Samsung Galaxy S7":0.2976190476,"Samsung Galaxy Note7":0.2976190476,"verykool s4009 Crystal":0.2976190476,"Samsung Galaxy Tab J":0.2976190476,"Huawei Mate 9":0.2976190476,"BLU Advance 4.0 L3":0.2976190476,"Maxwest Nitro Phablet 71":0.2976190476,"HTC One A9":0.2976190476,"alcatel Flash":0.2976190476,"OnePlus 5":0.2976190476,"Micromax Canvas Fire 6 Q428":0.2976190476,"Google Pixel XL":0.2976190476,"Toshiba Windows Phone IS12T":0.2976190476,"Apple iPhone 6s Plus":0.2976190476,"Apple iPhone 5s":0.2976190476}}