{"count":{"Samsung":30,"Xiaomi":24,"Google":17,"Motorola":5,"HTC":5,"Apple":5,"Huawei":2,"Asus":1,"verykool":1,"Sony":1,"Nokia":1,"ZTE":1,"alcatel":1,"BLU":1,"Maxwest":1,"OnePlus":1,"LeEco":1,"Micromax":1,"Toshiba":1,"BlackBerry":1},"percent":{"Samsung":8.9285714286,"Xiaomi":7.1428571429,"Google":5.0595238095,"Motorola":1.4880952381,"HTC":1.4880952381,"Apple":1.4880952381,"Huawei":0.5952380952,"Asus":0.2976190476,"verykool":0.2976190476,"Sony":0.2976190476,"Nokia":0.2976190476,"ZTE":0.2976190476,"alcatel":0.2976190476,"BLU":0.2976190476,"Maxwest":0.2976190476,"OnePlus":0.2976190476,"LeEco":0.2976190476,"Micromax":0.2976190476,"Toshiba":0.2976190476,"BlackBerry":0.2976190476}}