{"count":{"HTC":5,"Xiaomi":5,"Samsung":4,"LG":4,"OnePlus":2,"Google":2,"Motorola":1,"BLU":1,"alcatel":1,"Apple":1,"BlackBerry":1},"percent":{"HTC":2.7173913043,"Xiaomi":2.7173913043,"Samsung":2.1739130435,"LG":2.1739130435,"OnePlus":1.0869565217,"Google":1.0869565217,"Motorola":0.5434782609,"BLU":0.5434782609,"alcatel":0.5434782609,"Apple":0.5434782609,"BlackBerry":0.5434782609}}