{"count":{"Xiaomi Mi Note 3":4,"Sony Xperia Z5 Dual":4,"Sony Xperia Z5 Compact":2,"Sony Xperia Z5 Premium":2,"Sony Xperia XZ":2,"Sony Xperia X Performance":2,"Motorola Moto G":1,"LG V10":1,"HTC Butterfly 3":1,"Sony Xperia XA":1,"HTC One M9+ Supreme Camera":1,"alcatel Flash":1,"Xiaomi Redmi Note 4":1,"BLU Advance 4.0 L3":1,"Sony Xperia X":1,"OnePlus 3":1,"OnePlus One":1,"BlackBerry Leap":1},"percent":{"Xiaomi Mi Note 3":2.1739130435,"Sony Xperia Z5 Dual":2.1739130435,"Sony Xperia Z5 Compact":1.0869565217,"Sony Xperia Z5 Premium":1.0869565217,"Sony Xperia XZ":1.0869565217,"Sony Xperia X Performance":1.0869565217,"Motorola Moto G":0.5434782609,"LG V10":0.5434782609,"HTC Butterfly 3":0.5434782609,"Sony Xperia XA":0.5434782609,"HTC One M9+ Supreme Camera":0.5434782609,"alcatel Flash":0.5434782609,"Xiaomi Redmi Note 4":0.5434782609,"BLU Advance 4.0 L3":0.5434782609,"Sony Xperia X":0.5434782609,"OnePlus 3":0.5434782609,"OnePlus One":0.5434782609,"BlackBerry Leap":0.5434782609}}